target,seed,model_index,json_path,structure_path,ranking_score,confidence_summary,quality_status,cluster_id,blocker_flag,ag_loop_contact_fraction,tm_contact_fraction,a_determinant_contact_fraction,ag_loop_geometry_status
1E62,1,1,results/ph_sensitive_40aa_window/structures/af3/1E62/input/1e62_aes_seed_1.json,results/ph_sensitive_40aa_window/structures/af3/1E62/output/1e62_aes_seeds_1_5/seed-1_sample-0/model.cif,0.4982540728447464,"{""fraction_disordered"": 0.10572687224669604, ""iptm"": 0.4184954000134363, ""ptm"": 0.5529715835532463, ""ranking_score"": 0.4982540728447464}",pass,ag_loop_112_123_124_135_136_147_148_164,False,1.0,0.0,0.6604,interpretable
1E62,1,2,results/ph_sensitive_40aa_window/structures/af3/1E62/input/1e62_aes_seed_1.json,results/ph_sensitive_40aa_window/structures/af3/1E62/output/1e62_aes_seeds_1_5/seed-1_sample-1/model.cif,0.5103616946793084,"{""fraction_disordered"": 0.13656387665198239, ""iptm"": 0.41496616673247655, ""ptm"": 0.5505341148366796, ""ranking_score"": 0.5103616946793084}",pass,ag_loop_100_111_112_123_124_135_136_147,False,1.0,0.0,0.5063,interpretable
1E62,1,3,results/ph_sensitive_40aa_window/structures/af3/1E62/input/1e62_aes_seed_1.json,results/ph_sensitive_40aa_window/structures/af3/1E62/output/1e62_aes_seeds_1_5/seed-1_sample-2/model.cif,0.4928712484728415,"{""fraction_disordered"": 0.08370044052863436, ""iptm"": 0.4244440786393326, ""ptm"": 0.5573288264852915, ""ranking_score"": 0.4928712484728415}",pass,ag_loop_100_111_112_123_124_135_136_147_148_164,False,1.0,0.0,0.5156,interpretable
1E62,1,4,results/ph_sensitive_40aa_window/structures/af3/1E62/input/1e62_aes_seed_1.json,results/ph_sensitive_40aa_window/structures/af3/1E62/output/1e62_aes_seeds_1_5/seed-1_sample-3/model.cif,0.5055643663924699,"{""fraction_disordered"": 0.12334801762114538, ""iptm"": 0.41689003508264294, ""ptm"": 0.5518916475789147, ""ranking_score"": 0.5055643663924699}",pass,ag_loop_100_111_112_123_124_135_136_147_148_164,False,1.0,0.0,0.54,interpretable
1E62,1,5,results/ph_sensitive_40aa_window/structures/af3/1E62/input/1e62_aes_seed_1.json,results/ph_sensitive_40aa_window/structures/af3/1E62/output/1e62_aes_seeds_1_5/seed-1_sample-4/model.cif,0.4919453174501227,"{""fraction_disordered"": 0.10352422907488987, ""iptm"": 0.41297573852164793, ""ptm"": 0.5490130604767971, ""ranking_score"": 0.4919453174501227}",pass,ag_loop_100_111_112_123_136_147,False,1.0,0.0,0.1633,interpretable
1E62,2,1,results/ph_sensitive_40aa_window/structures/af3/1E62/input/1e62_aes_seed_2.json,results/ph_sensitive_40aa_window/structures/af3/1E62/output/1e62_aes_seeds_1_5/seed-2_sample-0/model.cif,0.48261769384402436,"{""fraction_disordered"": 0.10352422907488987, ""iptm"": 0.4031051135884925, ""ptm"": 0.5418574421789273, ""ranking_score"": 0.48261769384402436}",pass,ag_loop_112_123_124_135_136_147_148_164,False,1.0,0.0,0.7391,interpretable
1E62,2,2,results/ph_sensitive_40aa_window/structures/af3/1E62/input/1e62_aes_seed_2.json,results/ph_sensitive_40aa_window/structures/af3/1E62/output/1e62_aes_seeds_1_5/seed-2_sample-1/model.cif,0.510143243615511,"{""fraction_disordered"": 0.1277533039647577, ""iptm"": 0.41933167111375125, ""ptm"": 0.5540062737106558, ""ranking_score"": 0.510143243615511}",pass,ag_loop_100_111_112_123_124_135_136_147_148_164,False,0.9853,0.0,0.4412,interpretable
1E62,2,3,results/ph_sensitive_40aa_window/structures/af3/1E62/input/1e62_aes_seed_2.json,results/ph_sensitive_40aa_window/structures/af3/1E62/output/1e62_aes_seeds_1_5/seed-2_sample-2/model.cif,0.5287312916504983,"{""fraction_disordered"": 0.17180616740088106, ""iptm"": 0.4157732903043507, ""ptm"": 0.5510478785328861, ""ranking_score"": 0.5287312916504983}",pass,ag_loop_112_123_124_135_136_147_148_164,False,1.0,0.0,0.6222,interpretable
1E62,2,4,results/ph_sensitive_40aa_window/structures/af3/1E62/input/1e62_aes_seed_2.json,results/ph_sensitive_40aa_window/structures/af3/1E62/output/1e62_aes_seeds_1_5/seed-2_sample-3/model.cif,0.49083251971707526,"{""fraction_disordered"": 0.08370044052863436, ""iptm"": 0.42222097086241156, ""ptm"": 0.5560276138141441, ""ranking_score"": 0.49083251971707526}",pass,ag_loop_112_123_124_135_136_147_148_164,False,1.0,0.0,0.507,interpretable
1E62,2,5,results/ph_sensitive_40aa_window/structures/af3/1E62/input/1e62_aes_seed_2.json,results/ph_sensitive_40aa_window/structures/af3/1E62/output/1e62_aes_seeds_1_5/seed-2_sample-4/model.cif,0.5036399336746026,"{""fraction_disordered"": 0.12334801762114538, ""iptm"": 0.414953401349224, ""ptm"": 0.5500160189232535, ""ranking_score"": 0.5036399336746026}",pass,ag_loop_100_111_112_123_124_135_136_147_148_164,False,1.0,0.0,0.66,interpretable
1E62,3,1,results/ph_sensitive_40aa_window/structures/af3/1E62/input/1e62_aes_seed_3.json,results/ph_sensitive_40aa_window/structures/af3/1E62/output/1e62_aes_seeds_1_5/seed-3_sample-0/model.cif,0.49591157136703684,"{""fraction_disordered"": 0.12334801762114538, ""iptm"": 0.40662543441461246, ""ptm"": 0.544686075123871, ""ranking_score"": 0.49591157136703684}",pass,ag_loop_100_111_112_123_136_147_148_164,False,1.0,0.0,0.1786,interpretable
1E62,3,2,results/ph_sensitive_40aa_window/structures/af3/1E62/input/1e62_aes_seed_3.json,results/ph_sensitive_40aa_window/structures/af3/1E62/output/1e62_aes_seeds_1_5/seed-3_sample-1/model.cif,0.47517622129057535,"{""fraction_disordered"": 0.09251101321585903, ""iptm"": 0.40101274303941975, ""ptm"": 0.54055260125555, ""ranking_score"": 0.47517622129057535}",pass,ag_loop_100_111_112_123_124_135_136_147_148_164,False,1.0,0.0,0.381,interpretable
1E62,3,3,results/ph_sensitive_40aa_window/structures/af3/1E62/input/1e62_aes_seed_3.json,results/ph_sensitive_40aa_window/structures/af3/1E62/output/1e62_aes_seeds_1_5/seed-3_sample-2/model.cif,0.48245749481664585,"{""fraction_disordered"": 0.08590308370044053, ""iptm"": 0.4122052937844234, ""ptm"": 0.5487085896944346, ""ranking_score"": 0.48245749481664585}",pass,ag_loop_112_123_124_135_136_147_148_164,False,1.0,0.0,0.75,interpretable
1E62,3,4,results/ph_sensitive_40aa_window/structures/af3/1E62/input/1e62_aes_seed_3.json,results/ph_sensitive_40aa_window/structures/af3/1E62/output/1e62_aes_seeds_1_5/seed-3_sample-3/model.cif,0.49590818668597375,"{""fraction_disordered"": 0.1013215859030837, ""iptm"": 0.41819297204587996, ""ptm"": 0.5534650804886398, ""ranking_score"": 0.49590818668597375}",pass,ag_loop_100_111_112_123_124_135_136_147_148_164,False,1.0,0.0,0.3387,interpretable
1E62,3,5,results/ph_sensitive_40aa_window/structures/af3/1E62/input/1e62_aes_seed_3.json,results/ph_sensitive_40aa_window/structures/af3/1E62/output/1e62_aes_seeds_1_5/seed-3_sample-4/model.cif,0.4805878034562825,"{""fraction_disordered"": 0.08370044052863436, ""iptm"": 0.4114076226086172, ""ptm"": 0.548057425525358, ""ranking_score"": 0.4805878034562825}",pass,ag_loop_100_111_112_123_136_147_148_164,False,1.0,0.0,0.4407,interpretable
1E62,4,1,results/ph_sensitive_40aa_window/structures/af3/1E62/input/1e62_aes_seed_4.json,results/ph_sensitive_40aa_window/structures/af3/1E62/output/1e62_aes_seeds_1_5/seed-4_sample-0/model.cif,0.5005742042152598,"{""fraction_disordered"": 0.11674008810572688, ""iptm"": 0.4150870803148627, ""ptm"": 0.5506724795525311, ""ranking_score"": 0.5005742042152598}",pass,ag_loop_112_123_124_135_136_147_148_164,False,1.0,0.0,0.5942,interpretable
1E62,4,2,results/ph_sensitive_40aa_window/structures/af3/1E62/input/1e62_aes_seed_4.json,results/ph_sensitive_40aa_window/structures/af3/1E62/output/1e62_aes_seeds_1_5/seed-4_sample-1/model.cif,0.48384120430700545,"{""fraction_disordered"": 0.11233480176211454, ""iptm"": 0.39983946718964214, ""ptm"": 0.5390111483711725, ""ranking_score"": 0.48384120430700545}",pass,ag_loop_112_123_124_135_136_147_148_164,False,1.0,0.0,0.4286,interpretable
1E62,4,3,results/ph_sensitive_40aa_window/structures/af3/1E62/input/1e62_aes_seed_4.json,results/ph_sensitive_40aa_window/structures/af3/1E62/output/1e62_aes_seeds_1_5/seed-4_sample-2/model.cif,0.4916756061493159,"{""fraction_disordered"": 0.12555066079295155, ""iptm"": 0.4011328843389266, ""ptm"": 0.5399698414084942, ""ranking_score"": 0.4916756061493159}",pass,ag_loop_124_135_148_164,False,1.0,0.0,0.8409,interpretable
1E62,4,4,results/ph_sensitive_40aa_window/structures/af3/1E62/input/1e62_aes_seed_4.json,results/ph_sensitive_40aa_window/structures/af3/1E62/output/1e62_aes_seeds_1_5/seed-4_sample-3/model.cif,0.5004537408445773,"{""fraction_disordered"": 0.1211453744493392, ""iptm"": 0.41264739026991115, ""ptm"": 0.5488157070198936, ""ranking_score"": 0.5004537408445773}",pass,ag_loop_100_111_112_123_124_135_136_147_148_164,False,1.0,0.0,0.4286,interpretable
1E62,4,5,results/ph_sensitive_40aa_window/structures/af3/1E62/input/1e62_aes_seed_4.json,results/ph_sensitive_40aa_window/structures/af3/1E62/output/1e62_aes_seeds_1_5/seed-4_sample-4/model.cif,0.49240341746221394,"{""fraction_disordered"": 0.09691629955947137, ""iptm"": 0.41692239851463725, ""ptm"": 0.5520367443538425, ""ranking_score"": 0.49240341746221394}",pass,ag_loop_100_111_112_123_124_135_136_147_148_164,False,1.0,0.0,0.6757,interpretable
1E62,5,1,results/ph_sensitive_40aa_window/structures/af3/1E62/input/1e62_aes_seed_5.json,results/ph_sensitive_40aa_window/structures/af3/1E62/output/1e62_aes_seeds_1_5/seed-5_sample-0/model.cif,0.4885676386363247,"{""fraction_disordered"": 0.09030837004405286, ""iptm"": 0.4163971902531403, ""ptm"": 0.5514785070589299, ""ranking_score"": 0.4885676386363247}",pass,ag_loop_100_111_112_123_124_135_136_147_148_164,False,1.0,0.0,0.5972,interpretable
1E62,5,2,results/ph_sensitive_40aa_window/structures/af3/1E62/input/1e62_aes_seed_5.json,results/ph_sensitive_40aa_window/structures/af3/1E62/output/1e62_aes_seeds_1_5/seed-5_sample-1/model.cif,0.4962568674957679,"{""fraction_disordered"": 0.12555066079295155, ""iptm"": 0.4059586494036944, ""ptm"": 0.5435730878816831, ""ranking_score"": 0.4962568674957679}",pass,ag_loop_112_123_124_135_136_147_148_164,False,1.0,0.0,0.7097,interpretable
1E62,5,3,results/ph_sensitive_40aa_window/structures/af3/1E62/input/1e62_aes_seed_5.json,results/ph_sensitive_40aa_window/structures/af3/1E62/output/1e62_aes_seeds_1_5/seed-5_sample-2/model.cif,0.49071792033651385,"{""fraction_disordered"": 0.10572687224669604, ""iptm"": 0.41056190693644296, ""ptm"": 0.5470247933200572, ""ranking_score"": 0.49071792033651385}",pass,ag_loop_112_123_124_135_136_147,False,1.0,0.0,0.8333,interpretable
1E62,5,4,results/ph_sensitive_40aa_window/structures/af3/1E62/input/1e62_aes_seed_5.json,results/ph_sensitive_40aa_window/structures/af3/1E62/output/1e62_aes_seeds_1_5/seed-5_sample-3/model.cif,0.5056708495194446,"{""fraction_disordered"": 0.14757709251101322, ""iptm"": 0.40423035618252834, ""ptm"": 0.542490091589577, ""ranking_score"": 0.5056708495194446}",pass,ag_loop_112_123_124_135_136_147_148_164,False,1.0,0.0,0.68,interpretable
1E62,5,5,results/ph_sensitive_40aa_window/structures/af3/1E62/input/1e62_aes_seed_5.json,results/ph_sensitive_40aa_window/structures/af3/1E62/output/1e62_aes_seeds_1_5/seed-5_sample-4/model.cif,0.49051301098683103,"{""fraction_disordered"": 0.1013215859030837, ""iptm"": 0.4126315178299323, ""ptm"": 0.5487350188567167, ""ranking_score"": 0.49051301098683103}",pass,ag_loop_100_111_112_123_124_135_136_147,False,1.0,0.0,0.5167,interpretable
1E62,10,1,results/ph_sensitive_40aa_window/structures/af3/1E62/input/1e62_aes_seed_10.json,results/ph_sensitive_40aa_window/structures/af3/1E62/output/1e62_aes_seeds_6_10/seed-10_sample-0/model.cif,0.5077280873384622,"{""fraction_disordered"": 0.1299559471365639, ""iptm"": 0.41567286724718294, ""ptm"": 0.5510590998621695, ""ranking_score"": 0.5077280873384622}",pass,ag_loop_100_111_112_123_124_135_136_147_148_164,False,1.0,0.0,0.3333,interpretable
1E62,10,2,results/ph_sensitive_40aa_window/structures/af3/1E62/input/1e62_aes_seed_10.json,results/ph_sensitive_40aa_window/structures/af3/1E62/output/1e62_aes_seeds_6_10/seed-10_sample-1/model.cif,0.49447431675989695,"{""fraction_disordered"": 0.09251101321585903, ""iptm"": 0.42138035901867604, ""ptm"": 0.555572614685133, ""ranking_score"": 0.49447431675989695}",pass,ag_loop_100_111_112_123_124_135_136_147_148_164,False,1.0,0.0,0.6818,interpretable
1E62,10,3,results/ph_sensitive_40aa_window/structures/af3/1E62/input/1e62_aes_seed_10.json,results/ph_sensitive_40aa_window/structures/af3/1E62/output/1e62_aes_seeds_6_10/seed-10_sample-2/model.cif,0.5214974831325222,"{""fraction_disordered"": 0.14977973568281938, ""iptm"": 0.41972776852782523, ""ptm"": 0.5541270023442617, ""ranking_score"": 0.5214974831325222}",pass,ag_loop_112_123_124_135_136_147_148_164,False,1.0,0.0,0.6618,interpretable
1E62,10,4,results/ph_sensitive_40aa_window/structures/af3/1E62/input/1e62_aes_seed_10.json,results/ph_sensitive_40aa_window/structures/af3/1E62/output/1e62_aes_seeds_6_10/seed-10_sample-3/model.cif,0.5177197956230611,"{""fraction_disordered"": 0.14537444933920704, ""iptm"": 0.41807543254353285, ""ptm"": 0.5528611245931567, ""ranking_score"": 0.5177197956230611}",pass,ag_loop_100_111_112_123_124_135_136_147_148_164,False,1.0,0.0,0.4407,interpretable
1E62,10,5,results/ph_sensitive_40aa_window/structures/af3/1E62/input/1e62_aes_seed_10.json,results/ph_sensitive_40aa_window/structures/af3/1E62/output/1e62_aes_seeds_6_10/seed-10_sample-4/model.cif,0.502671152733349,"{""fraction_disordered"": 0.11674008810572688, ""iptm"": 0.4173225125828649, ""ptm"": 0.5522154930709682, ""ranking_score"": 0.502671152733349}",pass,ag_loop_100_111_112_123_124_135_136_147_148_164,False,1.0,0.0,0.2982,interpretable
1E62,6,1,results/ph_sensitive_40aa_window/structures/af3/1E62/input/1e62_aes_seed_6.json,results/ph_sensitive_40aa_window/structures/af3/1E62/output/1e62_aes_seeds_6_10/seed-6_sample-0/model.cif,0.501429628021693,"{""fraction_disordered"": 0.1145374449339207, ""iptm"": 0.4171653055080994, ""ptm"": 0.5521433057412657, ""ranking_score"": 0.501429628021693}",pass,ag_loop_100_111_112_123_124_135_136_147_148_164,False,1.0,0.0,0.3171,interpretable
1E62,6,2,results/ph_sensitive_40aa_window/structures/af3/1E62/input/1e62_aes_seed_6.json,results/ph_sensitive_40aa_window/structures/af3/1E62/output/1e62_aes_seeds_6_10/seed-6_sample-1/model.cif,0.49915749459738723,"{""fraction_disordered"": 0.12334801762114538, ""iptm"": 0.41013507508619546, ""ptm"": 0.546877128589291, ""ranking_score"": 0.49915749459738723}",pass,ag_loop_112_123_124_135_136_147_148_164,False,1.0,0.0,0.625,interpretable
1E62,6,3,results/ph_sensitive_40aa_window/structures/af3/1E62/input/1e62_aes_seed_6.json,results/ph_sensitive_40aa_window/structures/af3/1E62/output/1e62_aes_seeds_6_10/seed-6_sample-2/model.cif,0.49091567697793237,"{""fraction_disordered"": 0.11233480176211454, ""iptm"": 0.40723141754125025, ""ptm"": 0.5448157103193745, ""ranking_score"": 0.49091567697793237}",pass,ag_loop_100_111_112_123_124_135_136_147,False,1.0,0.0,0.3088,interpretable
1E62,6,4,results/ph_sensitive_40aa_window/structures/af3/1E62/input/1e62_aes_seed_6.json,results/ph_sensitive_40aa_window/structures/af3/1E62/output/1e62_aes_seeds_6_10/seed-6_sample-3/model.cif,0.49275550327681794,"{""fraction_disordered"": 0.11233480176211454, ""iptm"": 0.40918313444739435, ""ptm"": 0.546207974189226, ""ranking_score"": 0.49275550327681794}",pass,ag_loop_100_111_112_123_124_135_136_147_148_164,False,1.0,0.0,0.5781,interpretable
1E62,6,5,results/ph_sensitive_40aa_window/structures/af3/1E62/input/1e62_aes_seed_6.json,results/ph_sensitive_40aa_window/structures/af3/1E62/output/1e62_aes_seeds_6_10/seed-6_sample-4/model.cif,0.49686758105170803,"{""fraction_disordered"": 0.1211453744493392, ""iptm"": 0.4089222021478105, ""ptm"": 0.5457856605439502, ""ranking_score"": 0.49686758105170803}",pass,ag_loop_112_123_124_135_136_147_148_164,False,1.0,0.0,0.5682,interpretable
1E62,7,1,results/ph_sensitive_40aa_window/structures/af3/1E62/input/1e62_aes_seed_7.json,results/ph_sensitive_40aa_window/structures/af3/1E62/output/1e62_aes_seeds_6_10/seed-7_sample-0/model.cif,0.5173076925413173,"{""fraction_disordered"": 0.16079295154185022, ""iptm"": 0.40956743572424403, ""ptm"": 0.5462863409549849, ""ranking_score"": 0.5173076925413173}",pass,ag_loop_100_111_112_123_124_135_136_147,False,1.0,0.0,0.4151,interpretable
1E62,7,2,results/ph_sensitive_40aa_window/structures/af3/1E62/input/1e62_aes_seed_7.json,results/ph_sensitive_40aa_window/structures/af3/1E62/output/1e62_aes_seeds_6_10/seed-7_sample-1/model.cif,0.502240596468128,"{""fraction_disordered"": 0.12334801762114538, ""iptm"": 0.41334854390712983, ""ptm"": 0.5494387626592571, ""ranking_score"": 0.502240596468128}",pass,ag_loop_100_111_112_123_124_135_136_147_148_164,False,1.0,0.0,0.3111,interpretable
1E62,7,3,results/ph_sensitive_40aa_window/structures/af3/1E62/input/1e62_aes_seed_7.json,results/ph_sensitive_40aa_window/structures/af3/1E62/output/1e62_aes_seeds_6_10/seed-7_sample-2/model.cif,0.5511421384010388,"{""fraction_disordered"": 0.21585903083700442, ""iptm"": 0.4162121076332734, ""ptm"": 0.5512146843795894, ""ranking_score"": 0.5511421384010388}",pass,ag_loop_112_123_124_135_136_147_148_164,False,1.0,0.0,0.5818,interpretable
1E62,7,4,results/ph_sensitive_40aa_window/structures/af3/1E62/input/1e62_aes_seed_7.json,results/ph_sensitive_40aa_window/structures/af3/1E62/output/1e62_aes_seeds_6_10/seed-7_sample-3/model.cif,0.517170374905257,"{""fraction_disordered"": 0.16079295154185022, ""iptm"": 0.4094927029842678, ""ptm"": 0.5458986837345878, ""ranking_score"": 0.517170374905257}",pass,ag_loop_100_111_112_123_124_135_136_147_148_164,False,0.9857,0.0,0.6429,interpretable
1E62,7,5,results/ph_sensitive_40aa_window/structures/af3/1E62/input/1e62_aes_seed_7.json,results/ph_sensitive_40aa_window/structures/af3/1E62/output/1e62_aes_seeds_6_10/seed-7_sample-4/model.cif,0.5523778405775505,"{""fraction_disordered"": 0.21365638766519823, ""iptm"": 0.41858896578919086, ""ptm"": 0.5533923705679934, ""ranking_score"": 0.5523778405775505}",pass,ag_loop_100_111_112_123_124_135_136_147,False,1.0,0.0,0.6897,interpretable
1E62,8,1,results/ph_sensitive_40aa_window/structures/af3/1E62/input/1e62_aes_seed_8.json,results/ph_sensitive_40aa_window/structures/af3/1E62/output/1e62_aes_seeds_6_10/seed-8_sample-0/model.cif,0.5134028631832396,"{""fraction_disordered"": 0.1960352422907489, ""iptm"": 0.3869357482468597, ""ptm"": 0.5291832172018864, ""ranking_score"": 0.5134028631832396}",soft_fail,other_contact,False,0.0,0.0,0.0,interpretable
1E62,8,2,results/ph_sensitive_40aa_window/structures/af3/1E62/input/1e62_aes_seed_8.json,results/ph_sensitive_40aa_window/structures/af3/1E62/output/1e62_aes_seeds_6_10/seed-8_sample-1/model.cif,0.5008871180408458,"{""fraction_disordered"": 0.12555066079295155, ""iptm"": 0.41080274759431024, ""ptm"": 0.5473479478446096, ""ranking_score"": 0.5008871180408458}",pass,ag_loop_112_123_124_135_136_147_148_164,False,1.0,0.0,0.6119,interpretable
1E62,8,3,results/ph_sensitive_40aa_window/structures/af3/1E62/input/1e62_aes_seed_8.json,results/ph_sensitive_40aa_window/structures/af3/1E62/output/1e62_aes_seeds_6_10/seed-8_sample-2/model.cif,0.5056641050525507,"{""fraction_disordered"": 0.11674008810572688, ""iptm"": 0.42044708823814164, ""ptm"": 0.5546819520458697, ""ranking_score"": 0.5056641050525507}",pass,ag_loop_100_111_112_123_124_135_136_147_148_164,False,1.0,0.0,0.6076,interpretable
1E62,8,4,results/ph_sensitive_40aa_window/structures/af3/1E62/input/1e62_aes_seed_8.json,results/ph_sensitive_40aa_window/structures/af3/1E62/output/1e62_aes_seeds_6_10/seed-8_sample-3/model.cif,0.5297718231690709,"{""fraction_disordered"": 0.16299559471365638, ""iptm"": 0.4215497502228864, ""ptm"": 0.5551711281696681, ""ranking_score"": 0.5297718231690709}",pass,ag_loop_112_123_124_135_136_147_148_164,False,1.0,0.0,0.6604,interpretable
1E62,8,5,results/ph_sensitive_40aa_window/structures/af3/1E62/input/1e62_aes_seed_8.json,results/ph_sensitive_40aa_window/structures/af3/1E62/output/1e62_aes_seeds_6_10/seed-8_sample-4/model.cif,0.49035777036568007,"{""fraction_disordered"": 0.13656387665198239, ""iptm"": 0.39391058134978374, ""ptm"": 0.5347368347993094, ""ranking_score"": 0.49035777036568007}",pass,ag_loop_100_111_112_123_124_135_136_147_148_164,False,1.0,0.0,0.6757,interpretable
1E62,9,1,results/ph_sensitive_40aa_window/structures/af3/1E62/input/1e62_aes_seed_9.json,results/ph_sensitive_40aa_window/structures/af3/1E62/output/1e62_aes_seeds_6_10/seed-9_sample-0/model.cif,0.523098755321566,"{""fraction_disordered"": 0.16299559471365638, ""iptm"": 0.41446673471060197, ""ptm"": 0.5501378509812814, ""ranking_score"": 0.523098755321566}",pass,ag_loop_100_111_112_123_124_135_136_147,False,1.0,0.0,0.6885,interpretable
1E62,9,2,results/ph_sensitive_40aa_window/structures/af3/1E62/input/1e62_aes_seed_9.json,results/ph_sensitive_40aa_window/structures/af3/1E62/output/1e62_aes_seeds_6_10/seed-9_sample-1/model.cif,0.5053524796137354,"{""fraction_disordered"": 0.11894273127753303, ""iptm"": 0.41893270289646756, ""ptm"": 0.5536747582889744, ""ranking_score"": 0.5053524796137354}",pass,ag_loop_112_123_124_135_136_147_148_164,False,1.0,0.0,0.5067,interpretable
1E62,9,3,results/ph_sensitive_40aa_window/structures/af3/1E62/input/1e62_aes_seed_9.json,results/ph_sensitive_40aa_window/structures/af3/1E62/output/1e62_aes_seeds_6_10/seed-9_sample-2/model.cif,0.5175318837073772,"{""fraction_disordered"": 0.13656387665198239, ""iptm"": 0.4226138564767896, ""ptm"": 0.5557943009997717, ""ranking_score"": 0.5175318837073772}",pass,ag_loop_112_123_124_135_136_147_148_164,False,1.0,0.0,0.7059,interpretable
1E62,9,4,results/ph_sensitive_40aa_window/structures/af3/1E62/input/1e62_aes_seed_9.json,results/ph_sensitive_40aa_window/structures/af3/1E62/output/1e62_aes_seeds_6_10/seed-9_sample-3/model.cif,0.49042106187127804,"{""fraction_disordered"": 0.09030837004405286, ""iptm"": 0.4183195461574237, ""ptm"": 0.553056199616563, ""ranking_score"": 0.49042106187127804}",pass,ag_loop_100_111_112_123_124_135_136_147,False,1.0,0.0,0.4902,interpretable
1E62,9,5,results/ph_sensitive_40aa_window/structures/af3/1E62/input/1e62_aes_seed_9.json,results/ph_sensitive_40aa_window/structures/af3/1E62/output/1e62_aes_seeds_6_10/seed-9_sample-4/model.cif,0.5024446782576576,"{""fraction_disordered"": 0.12555066079295155, ""iptm"": 0.41236222393495436, ""ptm"": 0.5488978435660918, ""ranking_score"": 0.5024446782576576}",pass,ag_loop_100_111_124_135_136_147_148_164,False,1.0,0.0,0.6667,interpretable
sdAb,11,1,results/ph_sensitive_40aa_window/structures/af3/sdAb/input/sdab_aes_seed_11.json,results/ph_sensitive_40aa_window/structures/af3/sdAb/output/sdab_aes_seeds_11_15/seed-11_sample-0/model.cif,0.2577464823582725,"{""fraction_disordered"": 0.16091954022988506, ""iptm"": 0.12256171121914765, ""ptm"": 0.39618671634005936, ""ranking_score"": 0.2577464823582725}",soft_fail,other_contact,False,0.0,0.0,0.0,interpretable
sdAb,11,2,results/ph_sensitive_40aa_window/structures/af3/sdAb/input/sdab_aes_seed_11.json,results/ph_sensitive_40aa_window/structures/af3/sdAb/output/sdab_aes_seeds_11_15/seed-11_sample-1/model.cif,0.30268744413939064,"{""fraction_disordered"": 0.2471264367816092, ""iptm"": 0.12428514100061275, ""ptm"": 0.3984805647404793, ""ranking_score"": 0.30268744413939064}",soft_fail,other_contact,False,0.0,0.0,0.0,interpretable
sdAb,11,3,results/ph_sensitive_40aa_window/structures/af3/sdAb/input/sdab_aes_seed_11.json,results/ph_sensitive_40aa_window/structures/af3/sdAb/output/sdab_aes_seeds_11_15/seed-11_sample-2/model.cif,0.27636443112670944,"{""fraction_disordered"": 0.25287356321839083, ""iptm"": 0.09269867299653992, ""ptm"": 0.3788435556014106, ""ranking_score"": 0.27636443112670944}",pass,ag_loop_100_111_124_135_148_164,False,0.8182,0.1818,0.2727,interpretable
sdAb,11,4,results/ph_sensitive_40aa_window/structures/af3/sdAb/input/sdab_aes_seed_11.json,results/ph_sensitive_40aa_window/structures/af3/sdAb/output/sdab_aes_seeds_11_15/seed-11_sample-3/model.cif,0.3050291207955758,"{""fraction_disordered"": 0.26436781609195403, ""iptm"": 0.11757525079157347, ""ptm"": 0.3939250605817003, ""ranking_score"": 0.3050291207955758}",soft_fail,other_contact,False,0.0,0.0,0.0,interpretable
sdAb,11,5,results/ph_sensitive_40aa_window/structures/af3/sdAb/input/sdab_aes_seed_11.json,results/ph_sensitive_40aa_window/structures/af3/sdAb/output/sdab_aes_seeds_11_15/seed-11_sample-4/model.cif,0.28467645049818946,"{""fraction_disordered"": 0.23275862068965517, ""iptm"": 0.11257499427885424, ""ptm"": 0.39118572365139237, ""ranking_score"": 0.28467645049818946}",soft_fail,other_contact,False,0.0,0.0,0.0,interpretable
sdAb,12,1,results/ph_sensitive_40aa_window/structures/af3/sdAb/input/sdab_aes_seed_12.json,results/ph_sensitive_40aa_window/structures/af3/sdAb/output/sdab_aes_seeds_11_15/seed-12_sample-0/model.cif,0.2222937001530919,"{""fraction_disordered"": 0.13218390804597702, ""iptm"": 0.09838518369672405, ""ptm"": 0.38746799586362085, ""ranking_score"": 0.2222937001530919}",soft_fail,other_contact,False,0.0,0.0,0.0,interpretable
sdAb,12,2,results/ph_sensitive_40aa_window/structures/af3/sdAb/input/sdab_aes_seed_12.json,results/ph_sensitive_40aa_window/structures/af3/sdAb/output/sdab_aes_seeds_11_15/seed-12_sample-1/model.cif,0.31938187210506164,"{""fraction_disordered"": 0.2557471264367816, ""iptm"": 0.13658725229039775, ""ptm"": 0.4111925352717633, ""ranking_score"": 0.31938187210506164}",pass,ag_loop_100_111_112_123_124_135_136_147_148_164,False,0.9231,0.0385,0.4615,interpretable
sdAb,12,3,results/ph_sensitive_40aa_window/structures/af3/sdAb/input/sdab_aes_seed_12.json,results/ph_sensitive_40aa_window/structures/af3/sdAb/output/sdab_aes_seeds_11_15/seed-12_sample-2/model.cif,0.28704419062691455,"{""fraction_disordered"": 0.1781609195402299, ""iptm"": 0.14327366606613245, ""ptm"": 0.41672399001946825, ""ranking_score"": 0.28704419062691455}",pass,ag_loop_100_111_112_123_124_135_148_164,False,1.0,0.0,0.0455,interpretable
sdAb,12,4,results/ph_sensitive_40aa_window/structures/af3/sdAb/input/sdab_aes_seed_12.json,results/ph_sensitive_40aa_window/structures/af3/sdAb/output/sdab_aes_seeds_11_15/seed-12_sample-3/model.cif,0.2975168802765733,"{""fraction_disordered"": 0.21839080459770116, ""iptm"": 0.13301766511552188, ""ptm"": 0.4095367294265263, ""ranking_score"": 0.2975168802765733}",pass,ag_loop_100_111_124_135_136_147_148_164,False,1.0,0.0,0.1905,interpretable
sdAb,12,5,results/ph_sensitive_40aa_window/structures/af3/sdAb/input/sdab_aes_seed_12.json,results/ph_sensitive_40aa_window/structures/af3/sdAb/output/sdab_aes_seeds_11_15/seed-12_sample-4/model.cif,0.2881633267142695,"{""fraction_disordered"": 0.23275862068965517, ""iptm"": 0.11538348829407129, ""ptm"": 0.39738612867092427, ""ranking_score"": 0.2881633267142695}",pass,ag_loop_100_111_112_123,False,1.0,0.0,0.0,interpretable
sdAb,13,1,results/ph_sensitive_40aa_window/structures/af3/sdAb/input/sdab_aes_seed_13.json,results/ph_sensitive_40aa_window/structures/af3/sdAb/output/sdab_aes_seeds_11_15/seed-13_sample-0/model.cif,0.30985487518969645,"{""fraction_disordered"": 0.25862068965517243, ""iptm"": 0.12408225598764694, ""ptm"": 0.4063936278599635, ""ranking_score"": 0.30985487518969645}",pass,ag_loop_100_111_148_164,False,1.0,0.0,0.0,interpretable
sdAb,13,2,results/ph_sensitive_40aa_window/structures/af3/sdAb/input/sdab_aes_seed_13.json,results/ph_sensitive_40aa_window/structures/af3/sdAb/output/sdab_aes_seeds_11_15/seed-13_sample-1/model.cif,0.25412481939023146,"{""fraction_disordered"": 0.23850574712643677, ""iptm"": 0.07551076510108978, ""ptm"": 0.37231666873070624, ""ranking_score"": 0.25412481939023146}",hard_fail,tm_contact,False,0.0,1.0,0.0,interpretable
sdAb,13,3,results/ph_sensitive_40aa_window/structures/af3/sdAb/input/sdab_aes_seed_13.json,results/ph_sensitive_40aa_window/structures/af3/sdAb/output/sdab_aes_seeds_11_15/seed-13_sample-2/model.cif,0.2020855434629183,"{""fraction_disordered"": 0.09482758620689655, ""iptm"": 0.09705164499019558, ""ptm"": 0.3851521718365677, ""ranking_score"": 0.2020855434629183}",pass,ag_loop_100_111_148_164,False,0.2857,0.7143,0.0,interpretable
sdAb,13,4,results/ph_sensitive_40aa_window/structures/af3/sdAb/input/sdab_aes_seed_13.json,results/ph_sensitive_40aa_window/structures/af3/sdAb/output/sdab_aes_seeds_11_15/seed-13_sample-3/model.cif,0.2886428613139166,"{""fraction_disordered"": 0.20114942528735633, ""iptm"": 0.13226223091907996, ""ptm"": 0.41129181967487227, ""ranking_score"": 0.2886428613139166}",pass,ag_loop_100_111_124_135_148_164,False,0.9355,0.0,0.2258,interpretable
sdAb,13,5,results/ph_sensitive_40aa_window/structures/af3/sdAb/input/sdab_aes_seed_13.json,results/ph_sensitive_40aa_window/structures/af3/sdAb/output/sdab_aes_seeds_11_15/seed-13_sample-4/model.cif,0.31846363112571274,"{""fraction_disordered"": 0.21839080459770116, ""iptm"": 0.15526956520221669, ""ptm"": 0.42526288332544393, ""ranking_score"": 0.31846363112571274}",pass,ag_loop_100_111_136_147_148_164,False,0.9697,0.0,0.0606,interpretable
sdAb,14,1,results/ph_sensitive_40aa_window/structures/af3/sdAb/input/sdab_aes_seed_14.json,results/ph_sensitive_40aa_window/structures/af3/sdAb/output/sdab_aes_seeds_11_15/seed-14_sample-0/model.cif,0.21762717410146606,"{""fraction_disordered"": 0.11206896551724138, ""iptm"": 0.1050339789141011, ""ptm"": 0.3878275410578226, ""ranking_score"": 0.21762717410146606}",soft_fail,tm_contact,False,0.0,0.1765,0.0,interpretable
sdAb,14,2,results/ph_sensitive_40aa_window/structures/af3/sdAb/input/sdab_aes_seed_14.json,results/ph_sensitive_40aa_window/structures/af3/sdAb/output/sdab_aes_seeds_11_15/seed-14_sample-1/model.cif,0.2454275213474421,"{""fraction_disordered"": 0.14080459770114942, ""iptm"": 0.12062540677856091, ""ptm"": 0.3926244853700934, ""ranking_score"": 0.2454275213474421}",soft_fail,tm_contact,False,0.0,0.1579,0.0,interpretable
sdAb,14,3,results/ph_sensitive_40aa_window/structures/af3/sdAb/input/sdab_aes_seed_14.json,results/ph_sensitive_40aa_window/structures/af3/sdAb/output/sdab_aes_seeds_11_15/seed-14_sample-2/model.cif,0.27972569708463524,"{""fraction_disordered"": 0.2471264367816092, ""iptm"": 0.09917411723650169, ""ptm"": 0.38411592452314663, ""ranking_score"": 0.27972569708463524}",soft_fail,tm_contact,False,0.0,0.0909,0.0,interpretable
sdAb,14,4,results/ph_sensitive_40aa_window/structures/af3/sdAb/input/sdab_aes_seed_14.json,results/ph_sensitive_40aa_window/structures/af3/sdAb/output/sdab_aes_seeds_11_15/seed-14_sample-3/model.cif,0.2647973395815076,"{""fraction_disordered"": 0.19827586206896552, ""iptm"": 0.10950721433907158, ""ptm"": 0.3902681853788378, ""ranking_score"": 0.2647973395815076}",pass,ag_loop_124_135_136_147_148_164,False,0.9333,0.0,0.4,interpretable
sdAb,14,5,results/ph_sensitive_40aa_window/structures/af3/sdAb/input/sdab_aes_seed_14.json,results/ph_sensitive_40aa_window/structures/af3/sdAb/output/sdab_aes_seeds_11_15/seed-14_sample-4/model.cif,0.2922981150326424,"{""fraction_disordered"": 0.23850574712643677, ""iptm"": 0.11744272266613073, ""ptm"": 0.3954553166825972, ""ranking_score"": 0.2922981150326424}",soft_fail,tm_contact,False,0.0,0.0811,0.0,interpretable
sdAb,15,1,results/ph_sensitive_40aa_window/structures/af3/sdAb/input/sdab_aes_seed_15.json,results/ph_sensitive_40aa_window/structures/af3/sdAb/output/sdab_aes_seeds_11_15/seed-15_sample-0/model.cif,0.2804326934038016,"{""fraction_disordered"": 0.14367816091954022, ""iptm"": 0.1548282003077058, ""ptm"": 0.42365526348933447, ""ranking_score"": 0.2804326934038016}",pass,ag_loop_100_111_112_123_124_135_148_164,False,0.9583,0.0,0.3333,interpretable
sdAb,15,2,results/ph_sensitive_40aa_window/structures/af3/sdAb/input/sdab_aes_seed_15.json,results/ph_sensitive_40aa_window/structures/af3/sdAb/output/sdab_aes_seeds_11_15/seed-15_sample-1/model.cif,0.28248125858459083,"{""fraction_disordered"": 0.16666666666666666, ""iptm"": 0.1446197891988946, ""ptm"": 0.4172604694607092, ""ranking_score"": 0.28248125858459083}",pass,ag_loop_100_111_112_123_136_147_148_164,False,1.0,0.0,0.2273,interpretable
sdAb,15,3,results/ph_sensitive_40aa_window/structures/af3/sdAb/input/sdab_aes_seed_15.json,results/ph_sensitive_40aa_window/structures/af3/sdAb/output/sdab_aes_seeds_11_15/seed-15_sample-2/model.cif,0.26563590012097155,"{""fraction_disordered"": 0.12643678160919541, ""iptm"": 0.1483077598192043, ""ptm"": 0.41885650730505203, ""ranking_score"": 0.26563590012097155}",pass,ag_loop_100_111_112_123_124_135_136_147_148_164,False,0.9286,0.0,0.5357,interpretable
sdAb,15,4,results/ph_sensitive_40aa_window/structures/af3/sdAb/input/sdab_aes_seed_15.json,results/ph_sensitive_40aa_window/structures/af3/sdAb/output/sdab_aes_seeds_11_15/seed-15_sample-3/model.cif,0.288912135867119,"{""fraction_disordered"": 0.15804597701149425, ""iptm"": 0.1566357649134115, ""ptm"": 0.4229026771532134, ""ranking_score"": 0.288912135867119}",pass,ag_loop_100_111_112_123_136_147_148_164,False,0.9545,0.0,0.0455,interpretable
sdAb,15,5,results/ph_sensitive_40aa_window/structures/af3/sdAb/input/sdab_aes_seed_15.json,results/ph_sensitive_40aa_window/structures/af3/sdAb/output/sdab_aes_seeds_11_15/seed-15_sample-4/model.cif,0.30944988067039314,"{""fraction_disordered"": 0.20402298850574713, ""iptm"": 0.15389655420980103, ""ptm"": 0.42160571524839396, ""ranking_score"": 0.30944988067039314}",pass,ag_loop_100_111_124_135_136_147_148_164,False,1.0,0.0,0.1905,interpretable
sdAb,16,1,results/ph_sensitive_40aa_window/structures/af3/sdAb/input/sdab_aes_seed_16.json,results/ph_sensitive_40aa_window/structures/af3/sdAb/output/sdab_aes_seeds_16_20/seed-16_sample-0/model.cif,0.2710058836627856,"{""fraction_disordered"": 0.10919540229885058, ""iptm"": 0.16338720976319676, ""ptm"": 0.4284920735140146, ""ranking_score"": 0.2710058836627856}",pass,ag_loop_100_111_112_123_136_147_148_164,False,0.9688,0.0,0.0312,interpretable
sdAb,16,2,results/ph_sensitive_40aa_window/structures/af3/sdAb/input/sdab_aes_seed_16.json,results/ph_sensitive_40aa_window/structures/af3/sdAb/output/sdab_aes_seeds_16_20/seed-16_sample-1/model.cif,0.32686115352798945,"{""fraction_disordered"": 0.25862068965517243, ""iptm"": 0.14259210905764402, ""ptm"": 0.41738560727144014, ""ranking_score"": 0.32686115352798945}",pass,ag_loop_100_111_124_135_136_147_148_164,False,1.0,0.0,0.0952,interpretable
sdAb,16,3,results/ph_sensitive_40aa_window/structures/af3/sdAb/input/sdab_aes_seed_16.json,results/ph_sensitive_40aa_window/structures/af3/sdAb/output/sdab_aes_seeds_16_20/seed-16_sample-2/model.cif,0.33457155992181764,"{""fraction_disordered"": 0.26436781609195403, ""iptm"": 0.1477044336926935, ""ptm"": 0.4211205246084291, ""ranking_score"": 0.33457155992181764}",pass,ag_loop_100_111_112_123_124_135_148_164,False,0.9091,0.0,0.2727,interpretable
sdAb,16,4,results/ph_sensitive_40aa_window/structures/af3/sdAb/input/sdab_aes_seed_16.json,results/ph_sensitive_40aa_window/structures/af3/sdAb/output/sdab_aes_seeds_16_20/seed-16_sample-3/model.cif,0.3169107788966645,"{""fraction_disordered"": 0.21264367816091953, ""iptm"": 0.15657580778364877, ""ptm"": 0.4266414679464289, ""ranking_score"": 0.3169107788966645}",pass,ag_loop_100_111_148_164,False,0.9524,0.0,0.0,interpretable
sdAb,16,5,results/ph_sensitive_40aa_window/structures/af3/sdAb/input/sdab_aes_seed_16.json,results/ph_sensitive_40aa_window/structures/af3/sdAb/output/sdab_aes_seeds_16_20/seed-16_sample-4/model.cif,0.34783434503859534,"{""fraction_disordered"": 0.2672413793103448, ""iptm"": 0.1605575856211868, ""ptm"": 0.4288379344323676, ""ranking_score"": 0.34783434503859534}",pass,ag_loop_100_111_136_147_148_164,False,1.0,0.0,0.0385,interpretable
sdAb,17,1,results/ph_sensitive_40aa_window/structures/af3/sdAb/input/sdab_aes_seed_17.json,results/ph_sensitive_40aa_window/structures/af3/sdAb/output/sdab_aes_seeds_16_20/seed-17_sample-0/model.cif,0.21621500271948615,"{""fraction_disordered"": 0.1235632183908046, ""iptm"": 0.09809783328121266, ""ptm"": 0.3797756344955687, ""ranking_score"": 0.21621500271948615}",soft_fail,other_contact,False,0.0,0.0,0.0,interpretable
sdAb,17,2,results/ph_sensitive_40aa_window/structures/af3/sdAb/input/sdab_aes_seed_17.json,results/ph_sensitive_40aa_window/structures/af3/sdAb/output/sdab_aes_seeds_16_20/seed-17_sample-1/model.cif,0.22269179127853103,"{""fraction_disordered"": 0.1235632183908046, ""iptm"": 0.10528331323662594, ""ptm"": 0.3834176574691399, ""ranking_score"": 0.22269179127853103}",pass,ag_loop_100_111_112_123_148_164,False,0.84,0.0,0.0,interpretable
sdAb,17,3,results/ph_sensitive_40aa_window/structures/af3/sdAb/input/sdab_aes_seed_17.json,results/ph_sensitive_40aa_window/structures/af3/sdAb/output/sdab_aes_seeds_16_20/seed-17_sample-2/model.cif,0.2242704814343312,"{""fraction_disordered"": 0.12643678160919541, ""iptm"": 0.10508163281111332, ""ptm"": 0.38493392190421427, ""ranking_score"": 0.2242704814343312}",pass,ag_loop_124_135_148_164,False,0.6471,0.0,0.5294,interpretable
sdAb,17,4,results/ph_sensitive_40aa_window/structures/af3/sdAb/input/sdab_aes_seed_17.json,results/ph_sensitive_40aa_window/structures/af3/sdAb/output/sdab_aes_seeds_16_20/seed-17_sample-3/model.cif,0.27979865109778845,"{""fraction_disordered"": 0.2471264367816092, ""iptm"": 0.10137941467615003, ""ptm"": 0.3756595048303191, ""ranking_score"": 0.27979865109778845}",soft_fail,other_contact,False,0.0,0.0,0.0,interpretable
sdAb,17,5,results/ph_sensitive_40aa_window/structures/af3/sdAb/input/sdab_aes_seed_17.json,results/ph_sensitive_40aa_window/structures/af3/sdAb/output/sdab_aes_seeds_16_20/seed-17_sample-4/model.cif,0.2616480747571269,"{""fraction_disordered"": 0.21839080459770116, ""iptm"": 0.09579907317708224, ""ptm"": 0.37906706958305275, ""ranking_score"": 0.2616480747571269}",pass,ag_loop_112_123_124_135_136_147_148_164,False,1.0,0.0,0.5,interpretable
sdAb,18,1,results/ph_sensitive_40aa_window/structures/af3/sdAb/input/sdab_aes_seed_18.json,results/ph_sensitive_40aa_window/structures/af3/sdAb/output/sdab_aes_seeds_16_20/seed-18_sample-0/model.cif,0.34029011907500917,"{""fraction_disordered"": 0.32471264367816094, ""iptm"": 0.1215182433131291, ""ptm"": 0.4035960129271272, ""ranking_score"": 0.34029011907500917}",pass,ag_loop_100_111_112_123_136_147_148_164,False,0.9231,0.0,0.0769,interpretable
sdAb,18,2,results/ph_sensitive_40aa_window/structures/af3/sdAb/input/sdab_aes_seed_18.json,results/ph_sensitive_40aa_window/structures/af3/sdAb/output/sdab_aes_seeds_16_20/seed-18_sample-1/model.cif,0.24640505107598612,"{""fraction_disordered"": 0.13793103448275862, ""iptm"": 0.1236013812751375, ""ptm"": 0.39279214407248403, ""ranking_score"": 0.24640505107598612}",soft_fail,other_contact,False,0.0,0.0,0.0,interpretable
sdAb,18,3,results/ph_sensitive_40aa_window/structures/af3/sdAb/input/sdab_aes_seed_18.json,results/ph_sensitive_40aa_window/structures/af3/sdAb/output/sdab_aes_seeds_16_20/seed-18_sample-2/model.cif,0.2908597354032867,"{""fraction_disordered"": 0.1896551724137931, ""iptm"": 0.14127611773765658, ""ptm"": 0.41505627503132425, ""ranking_score"": 0.2908597354032867}",pass,ag_loop_100_111_112_123_148_164,False,0.8929,0.0,0.0,interpretable
sdAb,18,4,results/ph_sensitive_40aa_window/structures/af3/sdAb/input/sdab_aes_seed_18.json,results/ph_sensitive_40aa_window/structures/af3/sdAb/output/sdab_aes_seeds_16_20/seed-18_sample-3/model.cif,0.24193621905745388,"{""fraction_disordered"": 0.11781609195402298, ""iptm"": 0.12678650808907418, ""ptm"": 0.4079948330459152, ""ranking_score"": 0.24193621905745388}",pass,ag_loop_100_111_112_123,False,0.8333,0.0417,0.0,interpretable
sdAb,18,5,results/ph_sensitive_40aa_window/structures/af3/sdAb/input/sdab_aes_seed_18.json,results/ph_sensitive_40aa_window/structures/af3/sdAb/output/sdab_aes_seeds_16_20/seed-18_sample-4/model.cif,0.24823019518447142,"{""fraction_disordered"": 0.14942528735632185, ""iptm"": 0.11669104524363523, ""ptm"": 0.4008235765570116, ""ranking_score"": 0.24823019518447142}",pass,ag_loop_100_111_148_164,False,0.8,0.0,0.0,interpretable
sdAb,19,1,results/ph_sensitive_40aa_window/structures/af3/sdAb/input/sdab_aes_seed_19.json,results/ph_sensitive_40aa_window/structures/af3/sdAb/output/sdab_aes_seeds_16_20/seed-19_sample-0/model.cif,0.271504882135435,"{""fraction_disordered"": 0.22413793103448276, ""iptm"": 0.10328728759583415, ""ptm"": 0.38403043270763143, ""ranking_score"": 0.271504882135435}",pass,ag_loop_112_123_124_135_136_147,False,1.0,0.0,0.6,interpretable
sdAb,19,2,results/ph_sensitive_40aa_window/structures/af3/sdAb/input/sdab_aes_seed_19.json,results/ph_sensitive_40aa_window/structures/af3/sdAb/output/sdab_aes_seeds_16_20/seed-19_sample-1/model.cif,0.2607099050348872,"{""fraction_disordered"": 0.16954022988505746, ""iptm"": 0.12056074391484081, ""ptm"": 0.3974559748024292, ""ranking_score"": 0.2607099050348872}",pass,ag_loop_100_111_124_135_136_147_148_164,False,0.9565,0.0,0.6522,interpretable
sdAb,19,3,results/ph_sensitive_40aa_window/structures/af3/sdAb/input/sdab_aes_seed_19.json,results/ph_sensitive_40aa_window/structures/af3/sdAb/output/sdab_aes_seeds_16_20/seed-19_sample-2/model.cif,0.2882755770404267,"{""fraction_disordered"": 0.27011494252873564, ""iptm"": 0.09650510867251472, ""ptm"": 0.38007009419023563, ""ranking_score"": 0.2882755770404267}",pass,ag_loop_124_135_148_164,False,0.6667,0.0,0.3333,interpretable
sdAb,19,4,results/ph_sensitive_40aa_window/structures/af3/sdAb/input/sdab_aes_seed_19.json,results/ph_sensitive_40aa_window/structures/af3/sdAb/output/sdab_aes_seeds_16_20/seed-19_sample-3/model.cif,0.2666264460062955,"{""fraction_disordered"": 0.20114942528735633, ""iptm"": 0.11024244704447075, ""ptm"": 0.3892888786352037, ""ranking_score"": 0.2666264460062955}",pass,ag_loop_136_147_148_164,False,1.0,0.0,0.1,interpretable
sdAb,19,5,results/ph_sensitive_40aa_window/structures/af3/sdAb/input/sdab_aes_seed_19.json,results/ph_sensitive_40aa_window/structures/af3/sdAb/output/sdab_aes_seeds_16_20/seed-19_sample-4/model.cif,0.2740474832329344,"{""fraction_disordered"": 0.22126436781609196, ""iptm"": 0.10742174991780087, ""ptm"": 0.3873894969532385, ""ranking_score"": 0.2740474832329344}",pass,ag_loop_136_147_148_164,False,0.8571,0.0,0.1429,interpretable
sdAb,20,1,results/ph_sensitive_40aa_window/structures/af3/sdAb/input/sdab_aes_seed_20.json,results/ph_sensitive_40aa_window/structures/af3/sdAb/output/sdab_aes_seeds_16_20/seed-20_sample-0/model.cif,0.2817997781795469,"{""fraction_disordered"": 0.19540229885057472, ""iptm"": 0.12834024006773626, ""ptm"": 0.4071321835003527, ""ranking_score"": 0.2817997781795469}",pass,ag_loop_100_111_112_123_124_135_148_164,False,0.9091,0.0,0.2727,interpretable
sdAb,20,2,results/ph_sensitive_40aa_window/structures/af3/sdAb/input/sdab_aes_seed_20.json,results/ph_sensitive_40aa_window/structures/af3/sdAb/output/sdab_aes_seeds_16_20/seed-20_sample-1/model.cif,0.299423986439507,"{""fraction_disordered"": 0.19540229885057472, ""iptm"": 0.1473397943991424, ""ptm"": 0.4192550074745287, ""ranking_score"": 0.299423986439507}",pass,ag_loop_100_111_112_123_124_135_136_147_148_164,False,1.0,0.0,0.1739,interpretable
sdAb,20,3,results/ph_sensitive_40aa_window/structures/af3/sdAb/input/sdab_aes_seed_20.json,results/ph_sensitive_40aa_window/structures/af3/sdAb/output/sdab_aes_seeds_16_20/seed-20_sample-2/model.cif,0.26746949030003686,"{""fraction_disordered"": 0.13218390804597702, ""iptm"": 0.1470781203986597, ""ptm"": 0.41857519979060287, ""ranking_score"": 0.26746949030003686}",pass,ag_loop_100_111_148_164,False,0.9706,0.0,0.0,interpretable
sdAb,20,4,results/ph_sensitive_40aa_window/structures/af3/sdAb/input/sdab_aes_seed_20.json,results/ph_sensitive_40aa_window/structures/af3/sdAb/output/sdab_aes_seeds_16_20/seed-20_sample-3/model.cif,0.3010065554655694,"{""fraction_disordered"": 0.1839080459770115, ""iptm"": 0.15552957902542955, ""ptm"": 0.42314434628360026, ""ranking_score"": 0.3010065554655694}",pass,ag_loop_100_111_124_135_136_147_148_164,False,0.8333,0.0476,0.1905,interpretable
sdAb,20,5,results/ph_sensitive_40aa_window/structures/af3/sdAb/input/sdab_aes_seed_20.json,results/ph_sensitive_40aa_window/structures/af3/sdAb/output/sdab_aes_seeds_16_20/seed-20_sample-4/model.cif,0.2688076227267955,"{""fraction_disordered"": 0.14367816091954022, ""iptm"": 0.141914067140773, ""ptm"": 0.41718644277203487, ""ranking_score"": 0.2688076227267955}",pass,ag_loop_112_123_124_135_136_147_148_164,False,1.0,0.0,0.75,interpretable
sdAb,1,1,results/ph_sensitive_40aa_window/structures/af3/sdAb/input/sdab_aes_seed_1.json,results/ph_sensitive_40aa_window/structures/af3/sdAb/output/sdab_aes_seeds_1_5/seed-1_sample-0/model.cif,0.2758425163269545,"{""fraction_disordered"": 0.1206896551724138, ""iptm"": 0.16242005597839584, ""ptm"": 0.4278082197901547, ""ranking_score"": 0.2758425163269545}",pass,ag_loop_100_111_112_123_124_135_136_147_148_164,False,1.0,0.0,0.069,interpretable
sdAb,1,2,results/ph_sensitive_40aa_window/structures/af3/sdAb/input/sdab_aes_seed_1.json,results/ph_sensitive_40aa_window/structures/af3/sdAb/output/sdab_aes_seeds_1_5/seed-1_sample-1/model.cif,0.2719170445651763,"{""fraction_disordered"": 0.12931034482758622, ""iptm"": 0.15331159823151252, ""ptm"": 0.42306296783086583, ""ranking_score"": 0.2719170445651763}",pass,ag_loop_100_111_112_123_148_164,False,0.9677,0.0,0.0,interpretable
sdAb,1,3,results/ph_sensitive_40aa_window/structures/af3/sdAb/input/sdab_aes_seed_1.json,results/ph_sensitive_40aa_window/structures/af3/sdAb/output/sdab_aes_seeds_1_5/seed-1_sample-2/model.cif,0.2790860300460596,"{""fraction_disordered"": 0.12931034482758622, ""iptm"": 0.16130831527048956, ""ptm"": 0.42692102707937435, ""ranking_score"": 0.2790860300460596}",pass,ag_loop_100_111_112_123_148_164,False,0.963,0.0,0.0,interpretable
sdAb,1,4,results/ph_sensitive_40aa_window/structures/af3/sdAb/input/sdab_aes_seed_1.json,results/ph_sensitive_40aa_window/structures/af3/sdAb/output/sdab_aes_seeds_1_5/seed-1_sample-3/model.cif,0.3124543027222222,"{""fraction_disordered"": 0.20977011494252873, ""iptm"": 0.15358233322591724, ""ptm"": 0.4235168933511201, ""ranking_score"": 0.3124543027222222}",pass,ag_loop_100_111_124_135_148_164,False,1.0,0.0,0.1212,interpretable
sdAb,1,5,results/ph_sensitive_40aa_window/structures/af3/sdAb/input/sdab_aes_seed_1.json,results/ph_sensitive_40aa_window/structures/af3/sdAb/output/sdab_aes_seeds_1_5/seed-1_sample-4/model.cif,0.31906517538039025,"{""fraction_disordered"": 0.15229885057471265, ""iptm"": 0.19393881042348682, ""ptm"": 0.43882350877122256, ""ranking_score"": 0.31906517538039025}",pass,ag_loop_100_111_148_164,False,0.9429,0.0,0.0,interpretable
sdAb,2,1,results/ph_sensitive_40aa_window/structures/af3/sdAb/input/sdab_aes_seed_2.json,results/ph_sensitive_40aa_window/structures/af3/sdAb/output/sdab_aes_seeds_1_5/seed-2_sample-0/model.cif,0.2710434800631373,"{""fraction_disordered"": 0.25862068965517243, ""iptm"": 0.08401578873749445, ""ptm"": 0.37260252122777765, ""ranking_score"": 0.2710434800631373}",soft_fail,other_contact,False,0.0,0.0,0.0,interpretable
sdAb,2,2,results/ph_sensitive_40aa_window/structures/af3/sdAb/input/sdab_aes_seed_2.json,results/ph_sensitive_40aa_window/structures/af3/sdAb/output/sdab_aes_seeds_1_5/seed-2_sample-1/model.cif,0.2659694669622424,"{""fraction_disordered"": 0.20689655172413793, ""iptm"": 0.10685525202766263, ""ptm"": 0.3851849473902167, ""ranking_score"": 0.2659694669622424}",soft_fail,other_contact,False,0.0,0.0,0.0,interpretable
sdAb,2,3,results/ph_sensitive_40aa_window/structures/af3/sdAb/input/sdab_aes_seed_2.json,results/ph_sensitive_40aa_window/structures/af3/sdAb/output/sdab_aes_seeds_1_5/seed-2_sample-2/model.cif,0.2622052675991524,"{""fraction_disordered"": 0.20977011494252873, ""iptm"": 0.10076339715497543, ""ptm"": 0.3835474620195386, ""ranking_score"": 0.2622052675991524}",soft_fail,tm_contact,False,0.0,0.0909,0.0,interpretable
sdAb,2,4,results/ph_sensitive_40aa_window/structures/af3/sdAb/input/sdab_aes_seed_2.json,results/ph_sensitive_40aa_window/structures/af3/sdAb/output/sdab_aes_seeds_1_5/seed-2_sample-3/model.cif,0.24614459892725493,"{""fraction_disordered"": 0.16666666666666666, ""iptm"": 0.10675919474149402, ""ptm"": 0.38701954900363206, ""ranking_score"": 0.24614459892725493}",soft_fail,other_contact,False,0.0,0.0,0.0,interpretable
sdAb,2,5,results/ph_sensitive_40aa_window/structures/af3/sdAb/input/sdab_aes_seed_2.json,results/ph_sensitive_40aa_window/structures/af3/sdAb/output/sdab_aes_seeds_1_5/seed-2_sample-4/model.cif,0.2253041185681653,"{""fraction_disordered"": 0.1235632183908046, ""iptm"": 0.10738666615575379, ""ptm"": 0.38806588224079985, ""ranking_score"": 0.2253041185681653}",soft_fail,other_contact,False,0.0,0.0,0.0,interpretable
sdAb,3,1,results/ph_sensitive_40aa_window/structures/af3/sdAb/input/sdab_aes_seed_3.json,results/ph_sensitive_40aa_window/structures/af3/sdAb/output/sdab_aes_seeds_1_5/seed-3_sample-0/model.cif,0.274672665848362,"{""fraction_disordered"": 0.22413793103448276, ""iptm"": 0.10597628481480931, ""ptm"": 0.38911336239636585, ""ranking_score"": 0.274672665848362}",soft_fail,tm_contact,False,0.0,0.1818,0.0,interpretable
sdAb,3,2,results/ph_sensitive_40aa_window/structures/af3/sdAb/input/sdab_aes_seed_3.json,results/ph_sensitive_40aa_window/structures/af3/sdAb/output/sdab_aes_seeds_1_5/seed-3_sample-1/model.cif,0.2360895091776793,"{""fraction_disordered"": 0.15804597701149425, ""iptm"": 0.10133104334112275, ""ptm"": 0.38000842999516976, ""ranking_score"": 0.2360895091776793}",pass,ag_loop_124_135_148_164,False,0.8148,0.1852,0.1852,interpretable
sdAb,3,3,results/ph_sensitive_40aa_window/structures/af3/sdAb/input/sdab_aes_seed_3.json,results/ph_sensitive_40aa_window/structures/af3/sdAb/output/sdab_aes_seeds_1_5/seed-3_sample-2/model.cif,0.2793145870690417,"{""fraction_disordered"": 0.1867816091954023, ""iptm"": 0.13131035652782264, ""ptm"": 0.40437748624541237, ""ranking_score"": 0.2793145870690417}",soft_fail,other_contact,False,0.0,0.0,0.0,interpretable
sdAb,3,4,results/ph_sensitive_40aa_window/structures/af3/sdAb/input/sdab_aes_seed_3.json,results/ph_sensitive_40aa_window/structures/af3/sdAb/output/sdab_aes_seeds_1_5/seed-3_sample-3/model.cif,0.28650791921891405,"{""fraction_disordered"": 0.22413793103448276, ""iptm"": 0.11935604229634718, ""ptm"": 0.39477059932297476, ""ranking_score"": 0.28650791921891405}",soft_fail,other_contact,False,0.0,0.0,0.0,interpretable
sdAb,3,5,results/ph_sensitive_40aa_window/structures/af3/sdAb/input/sdab_aes_seed_3.json,results/ph_sensitive_40aa_window/structures/af3/sdAb/output/sdab_aes_seeds_1_5/seed-3_sample-4/model.cif,0.27334990293785744,"{""fraction_disordered"": 0.1781609195402299, ""iptm"": 0.1295883383841268, ""ptm"": 0.40299386230220546, ""ranking_score"": 0.27334990293785744}",soft_fail,other_contact,False,0.0,0.0,0.0,interpretable
sdAb,4,1,results/ph_sensitive_40aa_window/structures/af3/sdAb/input/sdab_aes_seed_4.json,results/ph_sensitive_40aa_window/structures/af3/sdAb/output/sdab_aes_seeds_1_5/seed-4_sample-0/model.cif,0.24760961210003715,"{""fraction_disordered"": 0.15804597701149425, ""iptm"": 0.11390731727045558, ""ptm"": 0.3873038488896279, ""ranking_score"": 0.24760961210003715}",soft_fail,other_contact,False,0.0,0.0,0.0,interpretable
sdAb,4,2,results/ph_sensitive_40aa_window/structures/af3/sdAb/input/sdab_aes_seed_4.json,results/ph_sensitive_40aa_window/structures/af3/sdAb/output/sdab_aes_seeds_1_5/seed-4_sample-1/model.cif,0.311441567027445,"{""fraction_disordered"": 0.21839080459770116, ""iptm"": 0.14764704534839446, ""ptm"": 0.4206426422493944, ""ranking_score"": 0.311441567027445}",pass,ag_loop_136_147_148_164,False,1.0,0.0,0.4706,interpretable
sdAb,4,3,results/ph_sensitive_40aa_window/structures/af3/sdAb/input/sdab_aes_seed_4.json,results/ph_sensitive_40aa_window/structures/af3/sdAb/output/sdab_aes_seeds_1_5/seed-4_sample-2/model.cif,0.3139100286438379,"{""fraction_disordered"": 0.1839080459770115, ""iptm"": 0.16966690283869604, ""ptm"": 0.4311124169218765, ""ranking_score"": 0.3139100286438379}",pass,ag_loop_100_111_112_123_136_147_148_164,False,0.9211,0.0263,0.0263,interpretable
sdAb,4,4,results/ph_sensitive_40aa_window/structures/af3/sdAb/input/sdab_aes_seed_4.json,results/ph_sensitive_40aa_window/structures/af3/sdAb/output/sdab_aes_seeds_1_5/seed-4_sample-3/model.cif,0.3197758877279712,"{""fraction_disordered"": 0.22126436781609196, ""iptm"": 0.15521115865036447, ""ptm"": 0.4248738844981683, ""ranking_score"": 0.3197758877279712}",pass,ag_loop_100_111_112_123_148_164,False,1.0,0.0,0.0,interpretable
sdAb,4,5,results/ph_sensitive_40aa_window/structures/af3/sdAb/input/sdab_aes_seed_4.json,results/ph_sensitive_40aa_window/structures/af3/sdAb/output/sdab_aes_seeds_1_5/seed-4_sample-4/model.cif,0.30357239440938066,"{""fraction_disordered"": 0.1810344827586207, ""iptm"": 0.1594417492038513, ""ptm"": 0.42750876833494644, ""ranking_score"": 0.30357239440938066}",pass,ag_loop_100_111_112_123_124_135_136_147_148_164,False,0.9818,0.0,0.1273,interpretable
sdAb,5,1,results/ph_sensitive_40aa_window/structures/af3/sdAb/input/sdab_aes_seed_5.json,results/ph_sensitive_40aa_window/structures/af3/sdAb/output/sdab_aes_seeds_1_5/seed-5_sample-0/model.cif,0.31440019474944525,"{""fraction_disordered"": 0.19540229885057472, ""iptm"": 0.16339629996603214, ""ptm"": 0.4299100267566609, ""ranking_score"": 0.31440019474944525}",pass,ag_loop_100_111_124_135_136_147_148_164,False,0.9737,0.0,0.4211,interpretable
sdAb,5,2,results/ph_sensitive_40aa_window/structures/af3/sdAb/input/sdab_aes_seed_5.json,results/ph_sensitive_40aa_window/structures/af3/sdAb/output/sdab_aes_seeds_1_5/seed-5_sample-1/model.cif,0.3063833239687839,"{""fraction_disordered"": 0.20114942528735633, ""iptm"": 0.15147449494188517, ""ptm"": 0.42314507685798813, ""ranking_score"": 0.3063833239687839}",pass,ag_loop_100_111_112_123_148_164,False,1.0,0.0,0.0,interpretable
sdAb,5,3,results/ph_sensitive_40aa_window/structures/af3/sdAb/input/sdab_aes_seed_5.json,results/ph_sensitive_40aa_window/structures/af3/sdAb/output/sdab_aes_seeds_1_5/seed-5_sample-2/model.cif,0.26505408322338286,"{""fraction_disordered"": 0.13218390804597702, ""iptm"": 0.14395141749277812, ""ptm"": 0.4190049760308592, ""ranking_score"": 0.26505408322338286}",pass,ag_loop_124_135_136_147_148_164,False,1.0,0.0,0.52,interpretable
sdAb,5,4,results/ph_sensitive_40aa_window/structures/af3/sdAb/input/sdab_aes_seed_5.json,results/ph_sensitive_40aa_window/structures/af3/sdAb/output/sdab_aes_seeds_1_5/seed-5_sample-3/model.cif,0.2690760966978901,"{""fraction_disordered"": 0.15517241379310345, ""iptm"": 0.13637973065914813, ""ptm"": 0.41193052637009947, ""ranking_score"": 0.2690760966978901}",pass,ag_loop_100_111_124_135_148_164,False,1.0,0.0,0.2941,interpretable
sdAb,5,5,results/ph_sensitive_40aa_window/structures/af3/sdAb/input/sdab_aes_seed_5.json,results/ph_sensitive_40aa_window/structures/af3/sdAb/output/sdab_aes_seeds_1_5/seed-5_sample-4/model.cif,0.2975297643173781,"{""fraction_disordered"": 0.1752873563218391, ""iptm"": 0.1564801551365343, ""ptm"": 0.42350981023615575, ""ranking_score"": 0.2975297643173781}",pass,ag_loop_100_111_112_123_124_135_136_147_148_164,False,0.9778,0.0,0.5111,interpretable
sdAb,10,1,results/ph_sensitive_40aa_window/structures/af3/sdAb/input/sdab_aes_seed_10.json,results/ph_sensitive_40aa_window/structures/af3/sdAb/output/sdab_aes_seeds_6_10/seed-10_sample-0/model.cif,0.27985403415064924,"{""fraction_disordered"": 0.20402298850574713, ""iptm"": 0.12261740066623483, ""ptm"": 0.39874309682393927, ""ranking_score"": 0.27985403415064924}",pass,ag_loop_100_111_124_135_136_147,False,0.9,0.0333,0.6333,interpretable
sdAb,10,2,results/ph_sensitive_40aa_window/structures/af3/sdAb/input/sdab_aes_seed_10.json,results/ph_sensitive_40aa_window/structures/af3/sdAb/output/sdab_aes_seeds_6_10/seed-10_sample-1/model.cif,0.23762211153920215,"{""fraction_disordered"": 0.1839080459770115, ""iptm"": 0.08828716306037288, ""ptm"": 0.37519179051199064, ""ranking_score"": 0.23762211153920215}",soft_fail,other_contact,False,0.0,0.0,0.0,interpretable
sdAb,10,3,results/ph_sensitive_40aa_window/structures/af3/sdAb/input/sdab_aes_seed_10.json,results/ph_sensitive_40aa_window/structures/af3/sdAb/output/sdab_aes_seeds_6_10/seed-10_sample-2/model.cif,0.3094117977891105,"{""fraction_disordered"": 0.29310344827586204, ""iptm"": 0.10665188856214727, ""ptm"": 0.38769281400730826, ""ranking_score"": 0.3094117977891105}",pass,ag_loop_100_111_124_135_148_164,False,1.0,0.0,0.3333,interpretable
sdAb,10,4,results/ph_sensitive_40aa_window/structures/af3/sdAb/input/sdab_aes_seed_10.json,results/ph_sensitive_40aa_window/structures/af3/sdAb/output/sdab_aes_seeds_6_10/seed-10_sample-3/model.cif,0.2910104037189592,"{""fraction_disordered"": 0.2442528735632184, ""iptm"": 0.11322912159575385, ""ptm"": 0.3915033483037347, ""ranking_score"": 0.2910104037189592}",pass,ag_loop_124_135_148_164,False,1.0,0.0,0.4667,interpretable
sdAb,10,5,results/ph_sensitive_40aa_window/structures/af3/sdAb/input/sdab_aes_seed_10.json,results/ph_sensitive_40aa_window/structures/af3/sdAb/output/sdab_aes_seeds_6_10/seed-10_sample-4/model.cif,0.2502123786999663,"{""fraction_disordered"": 0.15804597701149425, ""iptm"": 0.11549805189936105, ""ptm"": 0.39395474337365183, ""ranking_score"": 0.2502123786999663}",pass,ag_loop_100_111_148_164,False,1.0,0.0,0.0,interpretable
sdAb,6,1,results/ph_sensitive_40aa_window/structures/af3/sdAb/input/sdab_aes_seed_6.json,results/ph_sensitive_40aa_window/structures/af3/sdAb/output/sdab_aes_seeds_6_10/seed-6_sample-0/model.cif,0.2888314969227732,"{""fraction_disordered"": 0.20402298850574713, ""iptm"": 0.13110559482569298, ""ptm"": 0.4096776340467264, ""ranking_score"": 0.2888314969227732}",pass,ag_loop_112_123_124_135_148_164,False,0.8889,0.0,0.4444,interpretable
sdAb,6,2,results/ph_sensitive_40aa_window/structures/af3/sdAb/input/sdab_aes_seed_6.json,results/ph_sensitive_40aa_window/structures/af3/sdAb/output/sdab_aes_seeds_6_10/seed-6_sample-1/model.cif,0.297658525493834,"{""fraction_disordered"": 0.1839080459770115, ""iptm"": 0.15194858113801776, ""ptm"": 0.42072818797457034, ""ranking_score"": 0.297658525493834}",pass,ag_loop_100_111_136_147_148_164,False,0.9524,0.0,0.0714,interpretable
sdAb,6,3,results/ph_sensitive_40aa_window/structures/af3/sdAb/input/sdab_aes_seed_6.json,results/ph_sensitive_40aa_window/structures/af3/sdAb/output/sdab_aes_seeds_6_10/seed-6_sample-2/model.cif,0.28817226215710223,"{""fraction_disordered"": 0.20114942528735633, ""iptm"": 0.1319178480398781, ""ptm"": 0.41031635540760797, ""ranking_score"": 0.28817226215710223}",pass,ag_loop_100_111_148_164,False,1.0,0.0,0.0,interpretable
sdAb,6,4,results/ph_sensitive_40aa_window/structures/af3/sdAb/input/sdab_aes_seed_6.json,results/ph_sensitive_40aa_window/structures/af3/sdAb/output/sdab_aes_seeds_6_10/seed-6_sample-3/model.cif,0.2962596288553282,"{""fraction_disordered"": 0.22413793103448276, ""iptm"": 0.12846772851826518, ""ptm"": 0.4070824026173735, ""ranking_score"": 0.2962596288553282}",pass,ag_loop_100_111_124_135_148_164,False,1.0,0.0,0.1667,interpretable
sdAb,6,5,results/ph_sensitive_40aa_window/structures/af3/sdAb/input/sdab_aes_seed_6.json,results/ph_sensitive_40aa_window/structures/af3/sdAb/output/sdab_aes_seeds_6_10/seed-6_sample-4/model.cif,0.3019267935410788,"{""fraction_disordered"": 0.19540229885057472, ""iptm"": 0.15009897496645364, ""ptm"": 0.4207323207131427, ""ranking_score"": 0.3019267935410788}",pass,ag_loop_100_111_112_123_148_164,False,0.9355,0.0,0.0,interpretable
sdAb,7,1,results/ph_sensitive_40aa_window/structures/af3/sdAb/input/sdab_aes_seed_7.json,results/ph_sensitive_40aa_window/structures/af3/sdAb/output/sdab_aes_seeds_6_10/seed-7_sample-0/model.cif,0.23098827861684693,"{""fraction_disordered"": 0.12643678160919541, ""iptm"": 0.11178645710536954, ""ptm"": 0.39170361063976794, ""ranking_score"": 0.23098827861684693}",soft_fail,other_contact,False,0.0,0.0,0.0,interpretable
sdAb,7,2,results/ph_sensitive_40aa_window/structures/af3/sdAb/input/sdab_aes_seed_7.json,results/ph_sensitive_40aa_window/structures/af3/sdAb/output/sdab_aes_seeds_6_10/seed-7_sample-1/model.cif,0.2734117433543851,"{""fraction_disordered"": 0.13793103448275862, ""iptm"": 0.15038642400325647, ""ptm"": 0.420685434552003, ""ranking_score"": 0.2734117433543851}",pass,ag_loop_100_111_124_135_136_147_148_164,False,1.0,0.0,0.0968,interpretable
sdAb,7,3,results/ph_sensitive_40aa_window/structures/af3/sdAb/input/sdab_aes_seed_7.json,results/ph_sensitive_40aa_window/structures/af3/sdAb/output/sdab_aes_seeds_6_10/seed-7_sample-2/model.cif,0.34423980576696994,"{""fraction_disordered"": 0.22126436781609196, ""iptm"": 0.18517073828613834, ""ptm"": 0.42735515615006653, ""ranking_score"": 0.34423980576696994}",pass,ag_loop_100_111_124_135_136_147_148_164,False,1.0,0.0,0.2571,interpretable
sdAb,7,4,results/ph_sensitive_40aa_window/structures/af3/sdAb/input/sdab_aes_seed_7.json,results/ph_sensitive_40aa_window/structures/af3/sdAb/output/sdab_aes_seeds_6_10/seed-7_sample-3/model.cif,0.2647093136257174,"{""fraction_disordered"": 0.14942528735632185, ""iptm"": 0.1347524328839442, ""ptm"": 0.4109736182020056, ""ranking_score"": 0.2647093136257174}",pass,ag_loop_100_111_112_123_136_147_148_164,False,0.8788,0.0606,0.0909,interpretable
sdAb,7,5,results/ph_sensitive_40aa_window/structures/af3/sdAb/input/sdab_aes_seed_7.json,results/ph_sensitive_40aa_window/structures/af3/sdAb/output/sdab_aes_seeds_6_10/seed-7_sample-4/model.cif,0.3000242472491097,"{""fraction_disordered"": 0.14942528735632185, ""iptm"": 0.17320844236501928, ""ptm"": 0.4337242483946669, ""ranking_score"": 0.3000242472491097}",pass,ag_loop_100_111_136_147_148_164,False,1.0,0.0,0.0857,interpretable
sdAb,8,1,results/ph_sensitive_40aa_window/structures/af3/sdAb/input/sdab_aes_seed_8.json,results/ph_sensitive_40aa_window/structures/af3/sdAb/output/sdab_aes_seeds_6_10/seed-8_sample-0/model.cif,0.2636843825676311,"{""fraction_disordered"": 0.14942528735632185, ""iptm"": 0.13360583896989964, ""ptm"": 0.41043533856775233, ""ranking_score"": 0.2636843825676311}",pass,ag_loop_124_135_136_147_148_164,False,1.0,0.0,0.1765,interpretable
sdAb,8,2,results/ph_sensitive_40aa_window/structures/af3/sdAb/input/sdab_aes_seed_8.json,results/ph_sensitive_40aa_window/structures/af3/sdAb/output/sdab_aes_seeds_6_10/seed-8_sample-1/model.cif,0.2946752161732875,"{""fraction_disordered"": 0.19827586206896552, ""iptm"": 0.14076940358644638, ""ptm"": 0.41460881134823824, ""ranking_score"": 0.2946752161732875}",pass,ag_loop_100_111_112_123_148_164,False,0.875,0.0312,0.0,interpretable
sdAb,8,3,results/ph_sensitive_40aa_window/structures/af3/sdAb/input/sdab_aes_seed_8.json,results/ph_sensitive_40aa_window/structures/af3/sdAb/output/sdab_aes_seeds_6_10/seed-8_sample-2/model.cif,0.25732597507047683,"{""fraction_disordered"": 0.14942528735632185, ""iptm"": 0.12639536752539776, ""ptm"": 0.40748518685998847, ""ranking_score"": 0.25732597507047683}",pass,ag_loop_112_123_124_135_136_147,False,1.0,0.0,0.4545,interpretable
sdAb,8,4,results/ph_sensitive_40aa_window/structures/af3/sdAb/input/sdab_aes_seed_8.json,results/ph_sensitive_40aa_window/structures/af3/sdAb/output/sdab_aes_seeds_6_10/seed-8_sample-3/model.cif,0.2529754395333262,"{""fraction_disordered"": 0.14080459770114942, ""iptm"": 0.12655660435741423, ""ptm"": 0.4066392859841005, ""ranking_score"": 0.2529754395333262}",pass,ag_loop_112_123_136_147,False,0.9048,0.0952,0.381,interpretable
sdAb,8,5,results/ph_sensitive_40aa_window/structures/af3/sdAb/input/sdab_aes_seed_8.json,results/ph_sensitive_40aa_window/structures/af3/sdAb/output/sdab_aes_seeds_6_10/seed-8_sample-4/model.cif,0.2652675031461805,"{""fraction_disordered"": 0.14367816091954022, ""iptm"": 0.1384197775114366, ""ptm"": 0.4134630033863057, ""ranking_score"": 0.2652675031461805}",pass,ag_loop_100_111_112_123_124_135_148_164,False,0.9714,0.0,0.1714,interpretable
sdAb,9,1,results/ph_sensitive_40aa_window/structures/af3/sdAb/input/sdab_aes_seed_9.json,results/ph_sensitive_40aa_window/structures/af3/sdAb/output/sdab_aes_seeds_6_10/seed-9_sample-0/model.cif,0.2553716040725421,"{""fraction_disordered"": 0.1867816091954023, ""iptm"": 0.10558408819726767, ""ptm"": 0.3875676445851341, ""ranking_score"": 0.2553716040725421}",pass,ag_loop_124_135_136_147_148_164,False,1.0,0.0,0.6818,interpretable
sdAb,9,2,results/ph_sensitive_40aa_window/structures/af3/sdAb/input/sdab_aes_seed_9.json,results/ph_sensitive_40aa_window/structures/af3/sdAb/output/sdab_aes_seeds_6_10/seed-9_sample-1/model.cif,0.24666570731879317,"{""fraction_disordered"": 0.15804597701149425, ""iptm"": 0.11181186636893123, ""ptm"": 0.39096612858950525, ""ranking_score"": 0.24666570731879317}",pass,ag_loop_100_111_148_164,False,0.9375,0.0,0.0,interpretable
sdAb,9,3,results/ph_sensitive_40aa_window/structures/af3/sdAb/input/sdab_aes_seed_9.json,results/ph_sensitive_40aa_window/structures/af3/sdAb/output/sdab_aes_seeds_6_10/seed-9_sample-2/model.cif,0.266550478119413,"{""fraction_disordered"": 0.22988505747126436, ""iptm"": 0.09484022833910358, ""ptm"": 0.37867883356248994, ""ranking_score"": 0.266550478119413}",soft_fail,tm_contact,False,0.0,0.3,0.0,interpretable
sdAb,9,4,results/ph_sensitive_40aa_window/structures/af3/sdAb/input/sdab_aes_seed_9.json,results/ph_sensitive_40aa_window/structures/af3/sdAb/output/sdab_aes_seeds_6_10/seed-9_sample-3/model.cif,0.2278278798962771,"{""fraction_disordered"": 0.15804597701149425, ""iptm"": 0.09137375174361785, ""ptm"": 0.3785294499781785, ""ranking_score"": 0.2278278798962771}",soft_fail,other_contact,False,0.0,0.0,0.0,interpretable
sdAb,9,5,results/ph_sensitive_40aa_window/structures/af3/sdAb/input/sdab_aes_seed_9.json,results/ph_sensitive_40aa_window/structures/af3/sdAb/output/sdab_aes_seeds_6_10/seed-9_sample-4/model.cif,0.2583198497799246,"{""fraction_disordered"": 0.1925287356321839, ""iptm"": 0.10549728290032509, ""ptm"": 0.38828827821786305, ""ranking_score"": 0.2583198497799246}",pass,ag_loop_100_111_148_164,False,0.8,0.2,0.0,interpretable
