target,window_id,segment,start,end,length,crosses_linker,near_construct_edge,hard_excluded,hard_exclusion_reasons,soft_flags
1E62,1E62_VH_001_040,VH,1,40,40,False,True,False,,near_construct_edge; contains_soft_risk_positions=3
1E62,1E62_VH_002_041,VH,2,41,40,False,True,False,,near_construct_edge; contains_soft_risk_positions=3
1E62,1E62_VH_003_042,VH,3,42,40,False,True,False,,near_construct_edge; contains_soft_risk_positions=3
1E62,1E62_VH_004_043,VH,4,43,40,False,False,False,,contains_soft_risk_positions=3
1E62,1E62_VH_005_044,VH,5,44,40,False,False,False,,contains_soft_risk_positions=3
1E62,1E62_VH_006_045,VH,6,45,40,False,False,False,,contains_soft_risk_positions=3
1E62,1E62_VH_007_046,VH,7,46,40,False,False,False,,contains_soft_risk_positions=3
1E62,1E62_VH_008_047,VH,8,47,40,False,False,False,,contains_soft_risk_positions=3
1E62,1E62_VH_009_048,VH,9,48,40,False,False,False,,contains_soft_risk_positions=3
1E62,1E62_VH_010_049,VH,10,49,40,False,False,False,,contains_soft_risk_positions=3
1E62,1E62_VH_011_050,VH,11,50,40,False,False,False,,contains_soft_risk_positions=3
1E62,1E62_VH_012_051,VH,12,51,40,False,False,False,,contains_soft_risk_positions=3
1E62,1E62_VH_013_052,VH,13,52,40,False,False,False,,contains_soft_risk_positions=3
1E62,1E62_VH_014_053,VH,14,53,40,False,False,False,,contains_soft_risk_positions=3
1E62,1E62_VH_015_054,VH,15,54,40,False,False,False,,contains_soft_risk_positions=3
1E62,1E62_VH_016_055,VH,16,55,40,False,False,False,,contains_soft_risk_positions=3
1E62,1E62_VH_017_056,VH,17,56,40,False,False,False,,contains_soft_risk_positions=3
1E62,1E62_VH_018_057,VH,18,57,40,False,False,False,,contains_soft_risk_positions=3
1E62,1E62_VH_019_058,VH,19,58,40,False,False,False,,contains_soft_risk_positions=3
1E62,1E62_VH_020_059,VH,20,59,40,False,False,False,,contains_soft_risk_positions=3
1E62,1E62_VH_021_060,VH,21,60,40,False,False,False,,contains_soft_risk_positions=3
1E62,1E62_VH_022_061,VH,22,61,40,False,False,False,,contains_soft_risk_positions=3
1E62,1E62_VH_023_062,VH,23,62,40,False,False,False,,contains_soft_risk_positions=3
1E62,1E62_VH_024_063,VH,24,63,40,False,False,False,,contains_soft_risk_positions=3
1E62,1E62_VH_025_064,VH,25,64,40,False,False,False,,contains_soft_risk_positions=3
1E62,1E62_VH_026_065,VH,26,65,40,False,False,False,,contains_soft_risk_positions=3
1E62,1E62_VH_027_066,VH,27,66,40,False,False,False,,contains_soft_risk_positions=3
1E62,1E62_VH_028_067,VH,28,67,40,False,False,False,,contains_soft_risk_positions=3
1E62,1E62_VH_029_068,VH,29,68,40,False,False,False,,contains_soft_risk_positions=3
1E62,1E62_VH_030_069,VH,30,69,40,False,False,False,,contains_soft_risk_positions=3
1E62,1E62_VH_031_070,VH,31,70,40,False,False,False,,contains_soft_risk_positions=3
1E62,1E62_VH_032_071,VH,32,71,40,False,False,False,,contains_soft_risk_positions=3
1E62,1E62_VH_033_072,VH,33,72,40,False,False,False,,contains_soft_risk_positions=3
1E62,1E62_VH_034_073,VH,34,73,40,False,False,False,,contains_soft_risk_positions=3
1E62,1E62_VH_035_074,VH,35,74,40,False,False,False,,contains_soft_risk_positions=3
1E62,1E62_VH_036_075,VH,36,75,40,False,False,False,,contains_soft_risk_positions=2
1E62,1E62_VH_037_076,VH,37,76,40,False,False,False,,contains_soft_risk_positions=1
1E62,1E62_VH_038_077,VH,38,77,40,False,False,False,,
1E62,1E62_VH_039_078,VH,39,78,40,False,False,False,,
1E62,1E62_VH_040_079,VH,40,79,40,False,False,False,,
1E62,1E62_VH_041_080,VH,41,80,40,False,False,False,,
1E62,1E62_VH_042_081,VH,42,81,40,False,False,False,,
1E62,1E62_VH_043_082,VH,43,82,40,False,False,False,,
1E62,1E62_VH_044_083,VH,44,83,40,False,False,False,,
1E62,1E62_VH_045_084,VH,45,84,40,False,False,False,,
1E62,1E62_VH_046_085,VH,46,85,40,False,False,False,,
1E62,1E62_VH_047_086,VH,47,86,40,False,False,False,,
1E62,1E62_VH_048_087,VH,48,87,40,False,False,False,,
1E62,1E62_VH_049_088,VH,49,88,40,False,False,False,,
1E62,1E62_VH_050_089,VH,50,89,40,False,False,False,,
1E62,1E62_VH_051_090,VH,51,90,40,False,False,False,,
1E62,1E62_VH_052_091,VH,52,91,40,False,False,False,,
1E62,1E62_VH_053_092,VH,53,92,40,False,False,False,,
1E62,1E62_VH_054_093,VH,54,93,40,False,False,False,,
1E62,1E62_VH_055_094,VH,55,94,40,False,False,False,,
1E62,1E62_VH_056_095,VH,56,95,40,False,False,False,,
1E62,1E62_VH_057_096,VH,57,96,40,False,False,False,,
1E62,1E62_VH_058_097,VH,58,97,40,False,False,False,,
1E62,1E62_VH_059_098,VH,59,98,40,False,False,False,,
1E62,1E62_VH_060_099,VH,60,99,40,False,False,False,,
1E62,1E62_VH_061_100,VH,61,100,40,False,False,False,,
1E62,1E62_VH_062_101,VH,62,101,40,False,False,False,,
1E62,1E62_VH_063_102,VH,63,102,40,False,False,False,,
1E62,1E62_VH_064_103,VH,64,103,40,False,False,False,,
1E62,1E62_VH_065_104,VH,65,104,40,False,False,False,,
1E62,1E62_VH_066_105,VH,66,105,40,False,False,False,,
1E62,1E62_VH_067_106,VH,67,106,40,False,False,False,,
1E62,1E62_VH_068_107,VH,68,107,40,False,False,False,,
1E62,1E62_VH_069_108,VH,69,108,40,False,False,False,,
1E62,1E62_VH_070_109,VH,70,109,40,False,False,False,,
1E62,1E62_VH_071_110,VH,71,110,40,False,False,False,,
1E62,1E62_VH_072_111,VH,72,111,40,False,False,False,,
1E62,1E62_VH_073_112,VH,73,112,40,False,False,False,,
1E62,1E62_VH_074_113,VH,74,113,40,False,True,False,,near_construct_edge
1E62,1E62_VH_075_114,VH,75,114,40,False,True,False,,near_construct_edge
1E62,1E62_VH_076_115,VH,76,115,40,False,True,False,,near_construct_edge
1E62,1E62_VL_001_040,VL,1,40,40,False,True,False,,near_construct_edge
1E62,1E62_VL_002_041,VL,2,41,40,False,True,False,,near_construct_edge; contains_hard_protected_positions=1
1E62,1E62_VL_003_042,VL,3,42,40,False,True,False,,near_construct_edge; contains_hard_protected_positions=1
1E62,1E62_VL_004_043,VL,4,43,40,False,False,False,,contains_hard_protected_positions=1
1E62,1E62_VL_005_044,VL,5,44,40,False,False,False,,contains_hard_protected_positions=1
1E62,1E62_VL_006_045,VL,6,45,40,False,False,False,,contains_hard_protected_positions=1
1E62,1E62_VL_007_046,VL,7,46,40,False,False,False,,contains_hard_protected_positions=1
1E62,1E62_VL_008_047,VL,8,47,40,False,False,False,,contains_hard_protected_positions=1
1E62,1E62_VL_009_048,VL,9,48,40,False,False,False,,contains_hard_protected_positions=1
1E62,1E62_VL_010_049,VL,10,49,40,False,False,False,,contains_hard_protected_positions=1
1E62,1E62_VL_011_050,VL,11,50,40,False,False,False,,contains_hard_protected_positions=1
1E62,1E62_VL_012_051,VL,12,51,40,False,False,False,,contains_hard_protected_positions=1
1E62,1E62_VL_013_052,VL,13,52,40,False,False,False,,contains_hard_protected_positions=1
1E62,1E62_VL_014_053,VL,14,53,40,False,False,False,,contains_hard_protected_positions=1
1E62,1E62_VL_015_054,VL,15,54,40,False,False,False,,contains_hard_protected_positions=1
1E62,1E62_VL_016_055,VL,16,55,40,False,False,False,,contains_hard_protected_positions=1
1E62,1E62_VL_017_056,VL,17,56,40,False,False,False,,contains_hard_protected_positions=1
1E62,1E62_VL_018_057,VL,18,57,40,False,False,False,,contains_hard_protected_positions=1
1E62,1E62_VL_019_058,VL,19,58,40,False,False,False,,contains_hard_protected_positions=1
1E62,1E62_VL_020_059,VL,20,59,40,False,False,False,,contains_hard_protected_positions=1
1E62,1E62_VL_021_060,VL,21,60,40,False,False,False,,contains_hard_protected_positions=1
1E62,1E62_VL_022_061,VL,22,61,40,False,False,False,,contains_hard_protected_positions=1
1E62,1E62_VL_023_062,VL,23,62,40,False,False,False,,contains_hard_protected_positions=1
1E62,1E62_VL_024_063,VL,24,63,40,False,False,False,,contains_hard_protected_positions=1
1E62,1E62_VL_025_064,VL,25,64,40,False,False,False,,contains_hard_protected_positions=1
1E62,1E62_VL_026_065,VL,26,65,40,False,False,False,,contains_hard_protected_positions=1
1E62,1E62_VL_027_066,VL,27,66,40,False,False,False,,contains_hard_protected_positions=1
1E62,1E62_VL_028_067,VL,28,67,40,False,False,False,,contains_hard_protected_positions=1
1E62,1E62_VL_029_068,VL,29,68,40,False,False,False,,contains_hard_protected_positions=1
1E62,1E62_VL_030_069,VL,30,69,40,False,False,False,,contains_hard_protected_positions=1
1E62,1E62_VL_031_070,VL,31,70,40,False,False,False,,contains_hard_protected_positions=1
1E62,1E62_VL_032_071,VL,32,71,40,False,False,False,,contains_hard_protected_positions=1
1E62,1E62_VL_033_072,VL,33,72,40,False,False,False,,contains_hard_protected_positions=1
1E62,1E62_VL_034_073,VL,34,73,40,False,False,False,,contains_hard_protected_positions=1
1E62,1E62_VL_035_074,VL,35,74,40,False,False,False,,contains_hard_protected_positions=1
1E62,1E62_VL_036_075,VL,36,75,40,False,False,False,,contains_hard_protected_positions=1
1E62,1E62_VL_037_076,VL,37,76,40,False,False,False,,contains_hard_protected_positions=1
1E62,1E62_VL_038_077,VL,38,77,40,False,False,False,,contains_hard_protected_positions=1
1E62,1E62_VL_039_078,VL,39,78,40,False,False,False,,contains_hard_protected_positions=1
1E62,1E62_VL_040_079,VL,40,79,40,False,False,False,,contains_hard_protected_positions=1
1E62,1E62_VL_041_080,VL,41,80,40,False,False,False,,contains_hard_protected_positions=1
1E62,1E62_VL_042_081,VL,42,81,40,False,False,False,,
1E62,1E62_VL_043_082,VL,43,82,40,False,False,False,,
1E62,1E62_VL_044_083,VL,44,83,40,False,False,False,,
1E62,1E62_VL_045_084,VL,45,84,40,False,False,False,,
1E62,1E62_VL_046_085,VL,46,85,40,False,False,False,,
1E62,1E62_VL_047_086,VL,47,86,40,False,False,False,,
1E62,1E62_VL_048_087,VL,48,87,40,False,False,False,,
1E62,1E62_VL_049_088,VL,49,88,40,False,False,False,,
1E62,1E62_VL_050_089,VL,50,89,40,False,False,False,,
1E62,1E62_VL_051_090,VL,51,90,40,False,False,False,,
1E62,1E62_VL_052_091,VL,52,91,40,False,False,False,,
1E62,1E62_VL_053_092,VL,53,92,40,False,False,False,,
1E62,1E62_VL_054_093,VL,54,93,40,False,False,False,,
1E62,1E62_VL_055_094,VL,55,94,40,False,False,False,,
1E62,1E62_VL_056_095,VL,56,95,40,False,False,False,,
1E62,1E62_VL_057_096,VL,57,96,40,False,False,False,,
1E62,1E62_VL_058_097,VL,58,97,40,False,False,False,,
1E62,1E62_VL_059_098,VL,59,98,40,False,False,False,,
1E62,1E62_VL_060_099,VL,60,99,40,False,False,False,,
1E62,1E62_VL_061_100,VL,61,100,40,False,False,False,,
1E62,1E62_VL_062_101,VL,62,101,40,False,False,False,,
1E62,1E62_VL_063_102,VL,63,102,40,False,False,False,,
1E62,1E62_VL_064_103,VL,64,103,40,False,False,False,,
1E62,1E62_VL_065_104,VL,65,104,40,False,False,False,,
1E62,1E62_VL_066_105,VL,66,105,40,False,False,False,,
1E62,1E62_VL_067_106,VL,67,106,40,False,False,False,,
1E62,1E62_VL_068_107,VL,68,107,40,False,False,False,,
1E62,1E62_VL_069_108,VL,69,108,40,False,False,False,,
1E62,1E62_VL_070_109,VL,70,109,40,False,False,False,,
1E62,1E62_VL_071_110,VL,71,110,40,False,False,False,,
1E62,1E62_VL_072_111,VL,72,111,40,False,True,False,,near_construct_edge
1E62,1E62_VL_073_112,VL,73,112,40,False,True,False,,near_construct_edge
1E62,1E62_VL_074_113,VL,74,113,40,False,True,False,,near_construct_edge
sdAb,sdAb_VHH_001_040,VHH,1,40,40,False,True,False,,near_construct_edge; contains_hard_protected_positions=1
sdAb,sdAb_VHH_002_041,VHH,2,41,40,False,True,False,,near_construct_edge; contains_hard_protected_positions=1
sdAb,sdAb_VHH_003_042,VHH,3,42,40,False,True,False,,near_construct_edge; contains_hard_protected_positions=1
sdAb,sdAb_VHH_004_043,VHH,4,43,40,False,False,False,,contains_hard_protected_positions=1
sdAb,sdAb_VHH_005_044,VHH,5,44,40,False,False,False,,contains_hard_protected_positions=1
sdAb,sdAb_VHH_006_045,VHH,6,45,40,False,False,False,,contains_hard_protected_positions=1
sdAb,sdAb_VHH_007_046,VHH,7,46,40,False,False,False,,contains_hard_protected_positions=1
sdAb,sdAb_VHH_008_047,VHH,8,47,40,False,False,False,,contains_hard_protected_positions=2
sdAb,sdAb_VHH_009_048,VHH,9,48,40,False,False,False,,contains_hard_protected_positions=2
sdAb,sdAb_VHH_010_049,VHH,10,49,40,False,False,False,,contains_hard_protected_positions=3
sdAb,sdAb_VHH_011_050,VHH,11,50,40,False,False,False,,contains_hard_protected_positions=4
sdAb,sdAb_VHH_012_051,VHH,12,51,40,False,False,False,,contains_hard_protected_positions=4
sdAb,sdAb_VHH_013_052,VHH,13,52,40,False,False,False,,contains_hard_protected_positions=4
sdAb,sdAb_VHH_014_053,VHH,14,53,40,False,False,False,,contains_hard_protected_positions=4
sdAb,sdAb_VHH_015_054,VHH,15,54,40,False,False,False,,contains_hard_protected_positions=4
sdAb,sdAb_VHH_016_055,VHH,16,55,40,False,False,False,,contains_hard_protected_positions=4
sdAb,sdAb_VHH_017_056,VHH,17,56,40,False,False,False,,contains_hard_protected_positions=4
sdAb,sdAb_VHH_018_057,VHH,18,57,40,False,False,False,,contains_hard_protected_positions=4
sdAb,sdAb_VHH_019_058,VHH,19,58,40,False,False,False,,contains_hard_protected_positions=4
sdAb,sdAb_VHH_020_059,VHH,20,59,40,False,False,False,,contains_hard_protected_positions=4
sdAb,sdAb_VHH_021_060,VHH,21,60,40,False,False,False,,contains_hard_protected_positions=4
sdAb,sdAb_VHH_022_061,VHH,22,61,40,False,False,False,,contains_hard_protected_positions=4
sdAb,sdAb_VHH_023_062,VHH,23,62,40,False,False,False,,contains_hard_protected_positions=4
sdAb,sdAb_VHH_024_063,VHH,24,63,40,False,False,False,,contains_hard_protected_positions=4
sdAb,sdAb_VHH_025_064,VHH,25,64,40,False,False,False,,contains_hard_protected_positions=4
sdAb,sdAb_VHH_026_065,VHH,26,65,40,False,False,False,,contains_hard_protected_positions=4
sdAb,sdAb_VHH_027_066,VHH,27,66,40,False,False,False,,contains_hard_protected_positions=4
sdAb,sdAb_VHH_028_067,VHH,28,67,40,False,False,False,,contains_hard_protected_positions=4
sdAb,sdAb_VHH_029_068,VHH,29,68,40,False,False,False,,contains_hard_protected_positions=4
sdAb,sdAb_VHH_030_069,VHH,30,69,40,False,False,False,,contains_hard_protected_positions=4
sdAb,sdAb_VHH_031_070,VHH,31,70,40,False,False,False,,contains_hard_protected_positions=4
sdAb,sdAb_VHH_032_071,VHH,32,71,40,False,False,False,,contains_hard_protected_positions=4
sdAb,sdAb_VHH_033_072,VHH,33,72,40,False,False,False,,contains_hard_protected_positions=4
sdAb,sdAb_VHH_034_073,VHH,34,73,40,False,False,False,,contains_hard_protected_positions=4
sdAb,sdAb_VHH_035_074,VHH,35,74,40,False,False,False,,contains_hard_protected_positions=4
sdAb,sdAb_VHH_036_075,VHH,36,75,40,False,False,False,,contains_hard_protected_positions=4
sdAb,sdAb_VHH_037_076,VHH,37,76,40,False,False,False,,contains_hard_protected_positions=4
sdAb,sdAb_VHH_038_077,VHH,38,77,40,False,False,False,,contains_hard_protected_positions=3
sdAb,sdAb_VHH_039_078,VHH,39,78,40,False,False,False,,contains_hard_protected_positions=3
sdAb,sdAb_VHH_040_079,VHH,40,79,40,False,False,False,,contains_hard_protected_positions=3
sdAb,sdAb_VHH_041_080,VHH,41,80,40,False,False,False,,contains_hard_protected_positions=3
sdAb,sdAb_VHH_042_081,VHH,42,81,40,False,False,False,,contains_hard_protected_positions=3
sdAb,sdAb_VHH_043_082,VHH,43,82,40,False,False,False,,contains_hard_protected_positions=3
sdAb,sdAb_VHH_044_083,VHH,44,83,40,False,False,False,,contains_hard_protected_positions=3
sdAb,sdAb_VHH_045_084,VHH,45,84,40,False,False,False,,contains_hard_protected_positions=3
sdAb,sdAb_VHH_046_085,VHH,46,85,40,False,False,False,,contains_hard_protected_positions=3
sdAb,sdAb_VHH_047_086,VHH,47,86,40,False,False,False,,contains_hard_protected_positions=3
sdAb,sdAb_VHH_048_087,VHH,48,87,40,False,False,False,,contains_hard_protected_positions=2
sdAb,sdAb_VHH_049_088,VHH,49,88,40,False,False,False,,contains_hard_protected_positions=2
sdAb,sdAb_VHH_050_089,VHH,50,89,40,False,False,False,,contains_hard_protected_positions=1
sdAb,sdAb_VHH_051_090,VHH,51,90,40,False,False,False,,
sdAb,sdAb_VHH_052_091,VHH,52,91,40,False,False,False,,
sdAb,sdAb_VHH_053_092,VHH,53,92,40,False,False,False,,
sdAb,sdAb_VHH_054_093,VHH,54,93,40,False,False,False,,
sdAb,sdAb_VHH_055_094,VHH,55,94,40,False,False,False,,
sdAb,sdAb_VHH_056_095,VHH,56,95,40,False,False,False,,
sdAb,sdAb_VHH_057_096,VHH,57,96,40,False,False,False,,
sdAb,sdAb_VHH_058_097,VHH,58,97,40,False,False,False,,
sdAb,sdAb_VHH_059_098,VHH,59,98,40,False,False,False,,
sdAb,sdAb_VHH_060_099,VHH,60,99,40,False,False,False,,
sdAb,sdAb_VHH_061_100,VHH,61,100,40,False,False,False,,
sdAb,sdAb_VHH_062_101,VHH,62,101,40,False,False,False,,
sdAb,sdAb_VHH_063_102,VHH,63,102,40,False,False,False,,
sdAb,sdAb_VHH_064_103,VHH,64,103,40,False,False,False,,
sdAb,sdAb_VHH_065_104,VHH,65,104,40,False,False,False,,
sdAb,sdAb_VHH_066_105,VHH,66,105,40,False,False,False,,contains_soft_risk_positions=1
sdAb,sdAb_VHH_067_106,VHH,67,106,40,False,False,False,,contains_soft_risk_positions=1
sdAb,sdAb_VHH_068_107,VHH,68,107,40,False,False,False,,contains_soft_risk_positions=1
sdAb,sdAb_VHH_069_108,VHH,69,108,40,False,False,False,,contains_soft_risk_positions=1
sdAb,sdAb_VHH_070_109,VHH,70,109,40,False,False,False,,contains_soft_risk_positions=1
sdAb,sdAb_VHH_071_110,VHH,71,110,40,False,False,False,,contains_soft_risk_positions=2
sdAb,sdAb_VHH_072_111,VHH,72,111,40,False,False,False,,contains_soft_risk_positions=2
sdAb,sdAb_VHH_073_112,VHH,73,112,40,False,False,False,,contains_soft_risk_positions=2
sdAb,sdAb_VHH_074_113,VHH,74,113,40,False,False,False,,contains_soft_risk_positions=2
sdAb,sdAb_VHH_075_114,VHH,75,114,40,False,False,False,,contains_soft_risk_positions=2
sdAb,sdAb_VHH_076_115,VHH,76,115,40,False,False,False,,contains_soft_risk_positions=2
sdAb,sdAb_VHH_077_116,VHH,77,116,40,False,False,False,,contains_soft_risk_positions=2
sdAb,sdAb_VHH_078_117,VHH,78,117,40,False,False,False,,contains_soft_risk_positions=2
sdAb,sdAb_VHH_079_118,VHH,79,118,40,False,False,False,,contains_soft_risk_positions=2
sdAb,sdAb_VHH_080_119,VHH,80,119,40,False,False,False,,contains_soft_risk_positions=2
sdAb,sdAb_VHH_081_120,VHH,81,120,40,False,True,False,,near_construct_edge; contains_soft_risk_positions=2
sdAb,sdAb_VHH_082_121,VHH,82,121,40,False,True,False,,near_construct_edge; contains_soft_risk_positions=2
sdAb,sdAb_VHH_083_122,VHH,83,122,40,False,True,False,,near_construct_edge; contains_soft_risk_positions=2
