target,antigen_pos,aa,is_mhr_99_169,is_antigenic_loop_100_164,is_a_determinant_124_147,is_n146_motif_146_148
1E62,1,M,False,False,False,False
1E62,2,E,False,False,False,False
1E62,3,N,False,False,False,False
1E62,4,I,False,False,False,False
1E62,5,T,False,False,False,False
1E62,6,S,False,False,False,False
1E62,7,G,False,False,False,False
1E62,8,F,False,False,False,False
1E62,9,L,False,False,False,False
1E62,10,G,False,False,False,False
1E62,11,P,False,False,False,False
1E62,12,L,False,False,False,False
1E62,13,L,False,False,False,False
1E62,14,V,False,False,False,False
1E62,15,L,False,False,False,False
1E62,16,Q,False,False,False,False
1E62,17,A,False,False,False,False
1E62,18,G,False,False,False,False
1E62,19,F,False,False,False,False
1E62,20,F,False,False,False,False
1E62,21,L,False,False,False,False
1E62,22,L,False,False,False,False
1E62,23,T,False,False,False,False
1E62,24,R,False,False,False,False
1E62,25,I,False,False,False,False
1E62,26,L,False,False,False,False
1E62,27,T,False,False,False,False
1E62,28,I,False,False,False,False
1E62,29,P,False,False,False,False
1E62,30,Q,False,False,False,False
1E62,31,S,False,False,False,False
1E62,32,L,False,False,False,False
1E62,33,D,False,False,False,False
1E62,34,S,False,False,False,False
1E62,35,W,False,False,False,False
1E62,36,W,False,False,False,False
1E62,37,T,False,False,False,False
1E62,38,S,False,False,False,False
1E62,39,L,False,False,False,False
1E62,40,N,False,False,False,False
1E62,41,F,False,False,False,False
1E62,42,L,False,False,False,False
1E62,43,G,False,False,False,False
1E62,44,G,False,False,False,False
1E62,45,S,False,False,False,False
1E62,46,P,False,False,False,False
1E62,47,V,False,False,False,False
1E62,48,C,False,False,False,False
1E62,49,L,False,False,False,False
1E62,50,G,False,False,False,False
1E62,51,Q,False,False,False,False
1E62,52,N,False,False,False,False
1E62,53,S,False,False,False,False
1E62,54,Q,False,False,False,False
1E62,55,S,False,False,False,False
1E62,56,P,False,False,False,False
1E62,57,T,False,False,False,False
1E62,58,S,False,False,False,False
1E62,59,N,False,False,False,False
1E62,60,H,False,False,False,False
1E62,61,S,False,False,False,False
1E62,62,P,False,False,False,False
1E62,63,T,False,False,False,False
1E62,64,S,False,False,False,False
1E62,65,C,False,False,False,False
1E62,66,P,False,False,False,False
1E62,67,P,False,False,False,False
1E62,68,I,False,False,False,False
1E62,69,C,False,False,False,False
1E62,70,P,False,False,False,False
1E62,71,G,False,False,False,False
1E62,72,Y,False,False,False,False
1E62,73,R,False,False,False,False
1E62,74,W,False,False,False,False
1E62,75,M,False,False,False,False
1E62,76,C,False,False,False,False
1E62,77,L,False,False,False,False
1E62,78,R,False,False,False,False
1E62,79,R,False,False,False,False
1E62,80,F,False,False,False,False
1E62,81,I,False,False,False,False
1E62,82,I,False,False,False,False
1E62,83,F,False,False,False,False
1E62,84,L,False,False,False,False
1E62,85,F,False,False,False,False
1E62,86,I,False,False,False,False
1E62,87,L,False,False,False,False
1E62,88,L,False,False,False,False
1E62,89,L,False,False,False,False
1E62,90,C,False,False,False,False
1E62,91,L,False,False,False,False
1E62,92,I,False,False,False,False
1E62,93,F,False,False,False,False
1E62,94,L,False,False,False,False
1E62,95,L,False,False,False,False
1E62,96,V,False,False,False,False
1E62,97,L,False,False,False,False
1E62,98,L,False,False,False,False
1E62,99,D,True,False,False,False
1E62,100,Y,True,True,False,False
1E62,101,Q,True,True,False,False
1E62,102,G,True,True,False,False
1E62,103,M,True,True,False,False
1E62,104,L,True,True,False,False
1E62,105,P,True,True,False,False
1E62,106,V,True,True,False,False
1E62,107,C,True,True,False,False
1E62,108,P,True,True,False,False
1E62,109,L,True,True,False,False
1E62,110,I,True,True,False,False
1E62,111,P,True,True,False,False
1E62,112,G,True,True,False,False
1E62,113,S,True,True,False,False
1E62,114,T,True,True,False,False
1E62,115,T,True,True,False,False
1E62,116,T,True,True,False,False
1E62,117,S,True,True,False,False
1E62,118,T,True,True,False,False
1E62,119,G,True,True,False,False
1E62,120,P,True,True,False,False
1E62,121,C,True,True,False,False
1E62,122,K,True,True,False,False
1E62,123,T,True,True,False,False
1E62,124,C,True,True,True,False
1E62,125,T,True,True,True,False
1E62,126,T,True,True,True,False
1E62,127,P,True,True,True,False
1E62,128,A,True,True,True,False
1E62,129,Q,True,True,True,False
1E62,130,G,True,True,True,False
1E62,131,N,True,True,True,False
1E62,132,S,True,True,True,False
1E62,133,M,True,True,True,False
1E62,134,F,True,True,True,False
1E62,135,P,True,True,True,False
1E62,136,S,True,True,True,False
1E62,137,C,True,True,True,False
1E62,138,C,True,True,True,False
1E62,139,C,True,True,True,False
1E62,140,T,True,True,True,False
1E62,141,K,True,True,True,False
1E62,142,P,True,True,True,False
1E62,143,T,True,True,True,False
1E62,144,D,True,True,True,False
1E62,145,G,True,True,True,False
1E62,146,N,True,True,True,True
1E62,147,C,True,True,True,True
1E62,148,T,True,True,False,True
1E62,149,C,True,True,False,False
1E62,150,I,True,True,False,False
1E62,151,P,True,True,False,False
1E62,152,I,True,True,False,False
1E62,153,P,True,True,False,False
1E62,154,S,True,True,False,False
1E62,155,S,True,True,False,False
1E62,156,W,True,True,False,False
1E62,157,A,True,True,False,False
1E62,158,F,True,True,False,False
1E62,159,A,True,True,False,False
1E62,160,K,True,True,False,False
1E62,161,Y,True,True,False,False
1E62,162,L,True,True,False,False
1E62,163,W,True,True,False,False
1E62,164,E,True,True,False,False
1E62,165,W,True,False,False,False
1E62,166,A,True,False,False,False
1E62,167,S,True,False,False,False
1E62,168,V,True,False,False,False
1E62,169,R,True,False,False,False
1E62,170,F,False,False,False,False
1E62,171,S,False,False,False,False
1E62,172,W,False,False,False,False
1E62,173,L,False,False,False,False
1E62,174,S,False,False,False,False
1E62,175,L,False,False,False,False
1E62,176,L,False,False,False,False
1E62,177,V,False,False,False,False
1E62,178,P,False,False,False,False
1E62,179,F,False,False,False,False
1E62,180,V,False,False,False,False
1E62,181,Q,False,False,False,False
1E62,182,W,False,False,False,False
1E62,183,F,False,False,False,False
1E62,184,V,False,False,False,False
1E62,185,G,False,False,False,False
1E62,186,L,False,False,False,False
1E62,187,S,False,False,False,False
1E62,188,P,False,False,False,False
1E62,189,T,False,False,False,False
1E62,190,V,False,False,False,False
1E62,191,W,False,False,False,False
1E62,192,L,False,False,False,False
1E62,193,S,False,False,False,False
1E62,194,A,False,False,False,False
1E62,195,I,False,False,False,False
1E62,196,W,False,False,False,False
1E62,197,M,False,False,False,False
1E62,198,M,False,False,False,False
1E62,199,W,False,False,False,False
1E62,200,Y,False,False,False,False
1E62,201,W,False,False,False,False
1E62,202,G,False,False,False,False
1E62,203,P,False,False,False,False
1E62,204,S,False,False,False,False
1E62,205,L,False,False,False,False
1E62,206,Y,False,False,False,False
1E62,207,S,False,False,False,False
1E62,208,I,False,False,False,False
1E62,209,V,False,False,False,False
1E62,210,S,False,False,False,False
1E62,211,P,False,False,False,False
1E62,212,F,False,False,False,False
1E62,213,I,False,False,False,False
1E62,214,P,False,False,False,False
1E62,215,L,False,False,False,False
1E62,216,L,False,False,False,False
1E62,217,P,False,False,False,False
1E62,218,I,False,False,False,False
1E62,219,F,False,False,False,False
1E62,220,F,False,False,False,False
1E62,221,C,False,False,False,False
1E62,222,L,False,False,False,False
1E62,223,W,False,False,False,False
1E62,224,V,False,False,False,False
1E62,225,Y,False,False,False,False
1E62,226,I,False,False,False,False
sdAb,1,M,False,False,False,False
sdAb,2,E,False,False,False,False
sdAb,3,N,False,False,False,False
sdAb,4,I,False,False,False,False
sdAb,5,T,False,False,False,False
sdAb,6,S,False,False,False,False
sdAb,7,G,False,False,False,False
sdAb,8,F,False,False,False,False
sdAb,9,L,False,False,False,False
sdAb,10,G,False,False,False,False
sdAb,11,P,False,False,False,False
sdAb,12,L,False,False,False,False
sdAb,13,L,False,False,False,False
sdAb,14,V,False,False,False,False
sdAb,15,L,False,False,False,False
sdAb,16,Q,False,False,False,False
sdAb,17,A,False,False,False,False
sdAb,18,G,False,False,False,False
sdAb,19,F,False,False,False,False
sdAb,20,F,False,False,False,False
sdAb,21,L,False,False,False,False
sdAb,22,L,False,False,False,False
sdAb,23,T,False,False,False,False
sdAb,24,R,False,False,False,False
sdAb,25,I,False,False,False,False
sdAb,26,L,False,False,False,False
sdAb,27,T,False,False,False,False
sdAb,28,I,False,False,False,False
sdAb,29,P,False,False,False,False
sdAb,30,Q,False,False,False,False
sdAb,31,S,False,False,False,False
sdAb,32,L,False,False,False,False
sdAb,33,D,False,False,False,False
sdAb,34,S,False,False,False,False
sdAb,35,W,False,False,False,False
sdAb,36,W,False,False,False,False
sdAb,37,T,False,False,False,False
sdAb,38,S,False,False,False,False
sdAb,39,L,False,False,False,False
sdAb,40,N,False,False,False,False
sdAb,41,F,False,False,False,False
sdAb,42,L,False,False,False,False
sdAb,43,G,False,False,False,False
sdAb,44,G,False,False,False,False
sdAb,45,S,False,False,False,False
sdAb,46,P,False,False,False,False
sdAb,47,V,False,False,False,False
sdAb,48,C,False,False,False,False
sdAb,49,L,False,False,False,False
sdAb,50,G,False,False,False,False
sdAb,51,Q,False,False,False,False
sdAb,52,N,False,False,False,False
sdAb,53,S,False,False,False,False
sdAb,54,Q,False,False,False,False
sdAb,55,S,False,False,False,False
sdAb,56,P,False,False,False,False
sdAb,57,T,False,False,False,False
sdAb,58,S,False,False,False,False
sdAb,59,N,False,False,False,False
sdAb,60,H,False,False,False,False
sdAb,61,S,False,False,False,False
sdAb,62,P,False,False,False,False
sdAb,63,T,False,False,False,False
sdAb,64,S,False,False,False,False
sdAb,65,C,False,False,False,False
sdAb,66,P,False,False,False,False
sdAb,67,P,False,False,False,False
sdAb,68,I,False,False,False,False
sdAb,69,C,False,False,False,False
sdAb,70,P,False,False,False,False
sdAb,71,G,False,False,False,False
sdAb,72,Y,False,False,False,False
sdAb,73,R,False,False,False,False
sdAb,74,W,False,False,False,False
sdAb,75,M,False,False,False,False
sdAb,76,C,False,False,False,False
sdAb,77,L,False,False,False,False
sdAb,78,R,False,False,False,False
sdAb,79,R,False,False,False,False
sdAb,80,F,False,False,False,False
sdAb,81,I,False,False,False,False
sdAb,82,I,False,False,False,False
sdAb,83,F,False,False,False,False
sdAb,84,L,False,False,False,False
sdAb,85,F,False,False,False,False
sdAb,86,I,False,False,False,False
sdAb,87,L,False,False,False,False
sdAb,88,L,False,False,False,False
sdAb,89,L,False,False,False,False
sdAb,90,C,False,False,False,False
sdAb,91,L,False,False,False,False
sdAb,92,I,False,False,False,False
sdAb,93,F,False,False,False,False
sdAb,94,L,False,False,False,False
sdAb,95,L,False,False,False,False
sdAb,96,V,False,False,False,False
sdAb,97,L,False,False,False,False
sdAb,98,L,False,False,False,False
sdAb,99,D,True,False,False,False
sdAb,100,Y,True,True,False,False
sdAb,101,Q,True,True,False,False
sdAb,102,G,True,True,False,False
sdAb,103,M,True,True,False,False
sdAb,104,L,True,True,False,False
sdAb,105,P,True,True,False,False
sdAb,106,V,True,True,False,False
sdAb,107,C,True,True,False,False
sdAb,108,P,True,True,False,False
sdAb,109,L,True,True,False,False
sdAb,110,I,True,True,False,False
sdAb,111,P,True,True,False,False
sdAb,112,G,True,True,False,False
sdAb,113,S,True,True,False,False
sdAb,114,T,True,True,False,False
sdAb,115,T,True,True,False,False
sdAb,116,T,True,True,False,False
sdAb,117,S,True,True,False,False
sdAb,118,T,True,True,False,False
sdAb,119,G,True,True,False,False
sdAb,120,P,True,True,False,False
sdAb,121,C,True,True,False,False
sdAb,122,K,True,True,False,False
sdAb,123,T,True,True,False,False
sdAb,124,C,True,True,True,False
sdAb,125,T,True,True,True,False
sdAb,126,T,True,True,True,False
sdAb,127,P,True,True,True,False
sdAb,128,A,True,True,True,False
sdAb,129,Q,True,True,True,False
sdAb,130,G,True,True,True,False
sdAb,131,N,True,True,True,False
sdAb,132,S,True,True,True,False
sdAb,133,M,True,True,True,False
sdAb,134,F,True,True,True,False
sdAb,135,P,True,True,True,False
sdAb,136,S,True,True,True,False
sdAb,137,C,True,True,True,False
sdAb,138,C,True,True,True,False
sdAb,139,C,True,True,True,False
sdAb,140,T,True,True,True,False
sdAb,141,K,True,True,True,False
sdAb,142,P,True,True,True,False
sdAb,143,T,True,True,True,False
sdAb,144,D,True,True,True,False
sdAb,145,G,True,True,True,False
sdAb,146,N,True,True,True,True
sdAb,147,C,True,True,True,True
sdAb,148,T,True,True,False,True
sdAb,149,C,True,True,False,False
sdAb,150,I,True,True,False,False
sdAb,151,P,True,True,False,False
sdAb,152,I,True,True,False,False
sdAb,153,P,True,True,False,False
sdAb,154,S,True,True,False,False
sdAb,155,S,True,True,False,False
sdAb,156,W,True,True,False,False
sdAb,157,A,True,True,False,False
sdAb,158,F,True,True,False,False
sdAb,159,A,True,True,False,False
sdAb,160,K,True,True,False,False
sdAb,161,Y,True,True,False,False
sdAb,162,L,True,True,False,False
sdAb,163,W,True,True,False,False
sdAb,164,E,True,True,False,False
sdAb,165,W,True,False,False,False
sdAb,166,A,True,False,False,False
sdAb,167,S,True,False,False,False
sdAb,168,V,True,False,False,False
sdAb,169,R,True,False,False,False
sdAb,170,F,False,False,False,False
sdAb,171,S,False,False,False,False
sdAb,172,W,False,False,False,False
sdAb,173,L,False,False,False,False
sdAb,174,S,False,False,False,False
sdAb,175,L,False,False,False,False
sdAb,176,L,False,False,False,False
sdAb,177,V,False,False,False,False
sdAb,178,P,False,False,False,False
sdAb,179,F,False,False,False,False
sdAb,180,V,False,False,False,False
sdAb,181,Q,False,False,False,False
sdAb,182,W,False,False,False,False
sdAb,183,F,False,False,False,False
sdAb,184,V,False,False,False,False
sdAb,185,G,False,False,False,False
sdAb,186,L,False,False,False,False
sdAb,187,S,False,False,False,False
sdAb,188,P,False,False,False,False
sdAb,189,T,False,False,False,False
sdAb,190,V,False,False,False,False
sdAb,191,W,False,False,False,False
sdAb,192,L,False,False,False,False
sdAb,193,S,False,False,False,False
sdAb,194,A,False,False,False,False
sdAb,195,I,False,False,False,False
sdAb,196,W,False,False,False,False
sdAb,197,M,False,False,False,False
sdAb,198,M,False,False,False,False
sdAb,199,W,False,False,False,False
sdAb,200,Y,False,False,False,False
sdAb,201,W,False,False,False,False
sdAb,202,G,False,False,False,False
sdAb,203,P,False,False,False,False
sdAb,204,S,False,False,False,False
sdAb,205,L,False,False,False,False
sdAb,206,Y,False,False,False,False
sdAb,207,S,False,False,False,False
sdAb,208,I,False,False,False,False
sdAb,209,V,False,False,False,False
sdAb,210,S,False,False,False,False
sdAb,211,P,False,False,False,False
sdAb,212,F,False,False,False,False
sdAb,213,I,False,False,False,False
sdAb,214,P,False,False,False,False
sdAb,215,L,False,False,False,False
sdAb,216,L,False,False,False,False
sdAb,217,P,False,False,False,False
sdAb,218,I,False,False,False,False
sdAb,219,F,False,False,False,False
sdAb,220,F,False,False,False,False
sdAb,221,C,False,False,False,False
sdAb,222,L,False,False,False,False
sdAb,223,W,False,False,False,False
sdAb,224,V,False,False,False,False
sdAb,225,Y,False,False,False,False
sdAb,226,I,False,False,False,False
