target,molecule,chain,local_pos,aa,global_pos,region,is_design_eligible_base,ab_numbering_scheme,ab_number,cdr_scheme,pdb_chain,pdb_resseq,pdb_icode,source_position_label
1E62,heavy,H,1,E,H1,FR,True,local_fallback,H1,local_fallback,,,,H1
1E62,heavy,H,2,M,H2,FR,True,local_fallback,H2,local_fallback,,,,H2
1E62,heavy,H,3,Q,H3,FR,True,local_fallback,H3,local_fallback,,,,H3
1E62,heavy,H,4,L,H4,FR,True,local_fallback,H4,local_fallback,,,,H4
1E62,heavy,H,5,V,H5,FR,True,local_fallback,H5,local_fallback,,,,H5
1E62,heavy,H,6,E,H6,FR,True,local_fallback,H6,local_fallback,,,,H6
1E62,heavy,H,7,S,H7,FR,True,local_fallback,H7,local_fallback,,,,H7
1E62,heavy,H,8,G,H8,FR,True,local_fallback,H8,local_fallback,,,,H8
1E62,heavy,H,9,G,H9,FR,True,local_fallback,H9,local_fallback,,,,H9
1E62,heavy,H,10,G,H10,FR,True,local_fallback,H10,local_fallback,,,,H10
1E62,heavy,H,11,L,H11,FR,True,local_fallback,H11,local_fallback,,,,H11
1E62,heavy,H,12,V,H12,FR,True,local_fallback,H12,local_fallback,,,,H12
1E62,heavy,H,13,Q,H13,FR,True,local_fallback,H13,local_fallback,,,,H13
1E62,heavy,H,14,P,H14,FR,True,local_fallback,H14,local_fallback,,,,H14
1E62,heavy,H,15,G,H15,FR,True,local_fallback,H15,local_fallback,,,,H15
1E62,heavy,H,16,G,H16,FR,True,local_fallback,H16,local_fallback,,,,H16
1E62,heavy,H,17,S,H17,FR,True,local_fallback,H17,local_fallback,,,,H17
1E62,heavy,H,18,L,H18,FR,True,local_fallback,H18,local_fallback,,,,H18
1E62,heavy,H,19,R,H19,FR,True,local_fallback,H19,local_fallback,,,,H19
1E62,heavy,H,20,L,H20,FR,True,local_fallback,H20,local_fallback,,,,H20
1E62,heavy,H,21,S,H21,FR,True,local_fallback,H21,local_fallback,,,,H21
1E62,heavy,H,22,C,H22,FR,True,local_fallback,H22,local_fallback,,,,H22
1E62,heavy,H,23,A,H23,FR,True,local_fallback,H23,local_fallback,,,,H23
1E62,heavy,H,24,A,H24,FR,True,local_fallback,H24,local_fallback,,,,H24
1E62,heavy,H,25,S,H25,FR,True,local_fallback,H25,local_fallback,,,,H25
1E62,heavy,H,26,G,H26,CDR1,True,local_fallback,H26,local_fallback,,,,H26
1E62,heavy,H,27,F,H27,CDR1,True,local_fallback,H27,local_fallback,,,,H27
1E62,heavy,H,28,T,H28,CDR1,True,local_fallback,H28,local_fallback,,,,H28
1E62,heavy,H,29,F,H29,CDR1,True,local_fallback,H29,local_fallback,,,,H29
1E62,heavy,H,30,S,H30,CDR1,True,local_fallback,H30,local_fallback,,,,H30
1E62,heavy,H,31,D,H31,CDR1,True,local_fallback,H31,local_fallback,,,,H31
1E62,heavy,H,32,Y,H32,CDR1,True,local_fallback,H32,local_fallback,,,,H32
1E62,heavy,H,33,W,H33,CDR1,True,local_fallback,H33,local_fallback,,,,H33
1E62,heavy,H,34,M,H34,CDR1,True,local_fallback,H34,local_fallback,,,,H34
1E62,heavy,H,35,N,H35,CDR1,True,local_fallback,H35,local_fallback,,,,H35
1E62,heavy,H,36,W,H36,FR,True,local_fallback,H36,local_fallback,,,,H36
1E62,heavy,H,37,V,H37,FR,True,local_fallback,H37,local_fallback,,,,H37
1E62,heavy,H,38,R,H38,FR,True,local_fallback,H38,local_fallback,,,,H38
1E62,heavy,H,39,Q,H39,FR,True,local_fallback,H39,local_fallback,,,,H39
1E62,heavy,H,40,S,H40,FR,True,local_fallback,H40,local_fallback,,,,H40
1E62,heavy,H,41,P,H41,FR,True,local_fallback,H41,local_fallback,,,,H41
1E62,heavy,H,42,G,H42,FR,True,local_fallback,H42,local_fallback,,,,H42
1E62,heavy,H,43,K,H43,FR,True,local_fallback,H43,local_fallback,,,,H43
1E62,heavy,H,44,G,H44,FR,True,local_fallback,H44,local_fallback,,,,H44
1E62,heavy,H,45,L,H45,FR,True,local_fallback,H45,local_fallback,,,,H45
1E62,heavy,H,46,E,H46,FR,True,local_fallback,H46,local_fallback,,,,H46
1E62,heavy,H,47,W,H47,FR,True,local_fallback,H47,local_fallback,,,,H47
1E62,heavy,H,48,V,H48,FR,True,local_fallback,H48,local_fallback,,,,H48
1E62,heavy,H,49,A,H49,FR,True,local_fallback,H49,local_fallback,,,,H49
1E62,heavy,H,50,E,H50,CDR2,True,local_fallback,H50,local_fallback,,,,H50
1E62,heavy,H,51,V,H51,CDR2,True,local_fallback,H51,local_fallback,,,,H51
1E62,heavy,H,52,K,H52,CDR2,True,local_fallback,H52,local_fallback,,,,H52
1E62,heavy,H,53,L,H53,CDR2,True,local_fallback,H53,local_fallback,,,,H53
1E62,heavy,H,54,K,H54,CDR2,True,local_fallback,H54,local_fallback,,,,H54
1E62,heavy,H,55,S,H55,CDR2,True,local_fallback,H55,local_fallback,,,,H55
1E62,heavy,H,56,N,H56,CDR2,True,local_fallback,H56,local_fallback,,,,H56
1E62,heavy,H,57,N,H57,CDR2,True,local_fallback,H57,local_fallback,,,,H57
1E62,heavy,H,58,Y,H58,CDR2,True,local_fallback,H58,local_fallback,,,,H58
1E62,heavy,H,59,A,H59,CDR2,True,local_fallback,H59,local_fallback,,,,H59
1E62,heavy,H,60,T,H60,CDR2,True,local_fallback,H60,local_fallback,,,,H60
1E62,heavy,H,61,H,H61,CDR2,True,local_fallback,H61,local_fallback,,,,H61
1E62,heavy,H,62,Y,H62,CDR2,True,local_fallback,H62,local_fallback,,,,H62
1E62,heavy,H,63,A,H63,CDR2,True,local_fallback,H63,local_fallback,,,,H63
1E62,heavy,H,64,E,H64,CDR2,True,local_fallback,H64,local_fallback,,,,H64
1E62,heavy,H,65,S,H65,CDR2,True,local_fallback,H65,local_fallback,,,,H65
1E62,heavy,H,66,V,H66,FR,True,local_fallback,H66,local_fallback,,,,H66
1E62,heavy,H,67,K,H67,FR,True,local_fallback,H67,local_fallback,,,,H67
1E62,heavy,H,68,G,H68,FR,True,local_fallback,H68,local_fallback,,,,H68
1E62,heavy,H,69,R,H69,FR,True,local_fallback,H69,local_fallback,,,,H69
1E62,heavy,H,70,F,H70,FR,True,local_fallback,H70,local_fallback,,,,H70
1E62,heavy,H,71,T,H71,FR,True,local_fallback,H71,local_fallback,,,,H71
1E62,heavy,H,72,I,H72,FR,True,local_fallback,H72,local_fallback,,,,H72
1E62,heavy,H,73,S,H73,FR,True,local_fallback,H73,local_fallback,,,,H73
1E62,heavy,H,74,R,H74,FR,True,local_fallback,H74,local_fallback,,,,H74
1E62,heavy,H,75,D,H75,FR,True,local_fallback,H75,local_fallback,,,,H75
1E62,heavy,H,76,D,H76,FR,True,local_fallback,H76,local_fallback,,,,H76
1E62,heavy,H,77,S,H77,FR,True,local_fallback,H77,local_fallback,,,,H77
1E62,heavy,H,78,K,H78,FR,True,local_fallback,H78,local_fallback,,,,H78
1E62,heavy,H,79,N,H79,FR,True,local_fallback,H79,local_fallback,,,,H79
1E62,heavy,H,80,S,H80,FR,True,local_fallback,H80,local_fallback,,,,H80
1E62,heavy,H,81,V,H81,FR,True,local_fallback,H81,local_fallback,,,,H81
1E62,heavy,H,82,Y,H82,FR,True,local_fallback,H82,local_fallback,,,,H82
1E62,heavy,H,83,L,H83,FR,True,local_fallback,H83,local_fallback,,,,H83
1E62,heavy,H,84,Q,H84,FR,True,local_fallback,H84,local_fallback,,,,H84
1E62,heavy,H,85,M,H85,FR,True,local_fallback,H85,local_fallback,,,,H85
1E62,heavy,H,86,N,H86,FR,True,local_fallback,H86,local_fallback,,,,H86
1E62,heavy,H,87,S,H87,FR,True,local_fallback,H87,local_fallback,,,,H87
1E62,heavy,H,88,L,H88,FR,True,local_fallback,H88,local_fallback,,,,H88
1E62,heavy,H,89,K,H89,FR,True,local_fallback,H89,local_fallback,,,,H89
1E62,heavy,H,90,T,H90,FR,True,local_fallback,H90,local_fallback,,,,H90
1E62,heavy,H,91,E,H91,FR,True,local_fallback,H91,local_fallback,,,,H91
1E62,heavy,H,92,D,H92,FR,True,local_fallback,H92,local_fallback,,,,H92
1E62,heavy,H,93,T,H93,FR,True,local_fallback,H93,local_fallback,,,,H93
1E62,heavy,H,94,A,H94,FR,True,local_fallback,H94,local_fallback,,,,H94
1E62,heavy,H,95,V,H95,CDR3,True,local_fallback,H95,local_fallback,,,,H95
1E62,heavy,H,96,Y,H96,CDR3,True,local_fallback,H96,local_fallback,,,,H96
1E62,heavy,H,97,Y,H97,CDR3,True,local_fallback,H97,local_fallback,,,,H97
1E62,heavy,H,98,C,H98,CDR3,True,local_fallback,H98,local_fallback,,,,H98
1E62,heavy,H,99,A,H99,CDR3,True,local_fallback,H99,local_fallback,,,,H99
1E62,heavy,H,100,S,H100,CDR3,True,local_fallback,H100,local_fallback,,,,H100
1E62,heavy,H,101,G,H101,CDR3,True,local_fallback,H101,local_fallback,,,,H101
1E62,heavy,H,102,F,H102,CDR3,True,local_fallback,H102,local_fallback,,,,H102
1E62,heavy,H,103,D,H103,CDR3,True,local_fallback,H103,local_fallback,,,,H103
1E62,heavy,H,104,Y,H104,CDR3,True,local_fallback,H104,local_fallback,,,,H104
1E62,heavy,H,105,W,H105,CDR3,True,local_fallback,H105,local_fallback,,,,H105
1E62,heavy,H,106,G,H106,CDR3,True,local_fallback,H106,local_fallback,,,,H106
1E62,heavy,H,107,Q,H107,CDR3,True,local_fallback,H107,local_fallback,,,,H107
1E62,heavy,H,108,G,H108,CDR3,True,local_fallback,H108,local_fallback,,,,H108
1E62,heavy,H,109,T,H109,CDR3,True,local_fallback,H109,local_fallback,,,,H109
1E62,heavy,H,110,L,H110,CDR3,True,local_fallback,H110,local_fallback,,,,H110
1E62,heavy,H,111,V,H111,CDR3,True,local_fallback,H111,local_fallback,,,,H111
1E62,heavy,H,112,T,H112,CDR3,True,local_fallback,H112,local_fallback,,,,H112
1E62,heavy,H,113,V,H113,CDR3,True,local_fallback,H113,local_fallback,,,,H113
1E62,heavy,H,114,S,H114,FR,True,local_fallback,H114,local_fallback,,,,H114
1E62,heavy,H,115,S,H115,FR,True,local_fallback,H115,local_fallback,,,,H115
1E62,light,L,1,D,L1,FR,True,local_fallback,L1,local_fallback,,,,L1
1E62,light,L,2,I,L2,FR,True,local_fallback,L2,local_fallback,,,,L2
1E62,light,L,3,V,L3,FR,True,local_fallback,L3,local_fallback,,,,L3
1E62,light,L,4,M,L4,FR,True,local_fallback,L4,local_fallback,,,,L4
1E62,light,L,5,S,L5,FR,True,local_fallback,L5,local_fallback,,,,L5
1E62,light,L,6,Q,L6,FR,True,local_fallback,L6,local_fallback,,,,L6
1E62,light,L,7,S,L7,FR,True,local_fallback,L7,local_fallback,,,,L7
1E62,light,L,8,P,L8,FR,True,local_fallback,L8,local_fallback,,,,L8
1E62,light,L,9,D,L9,FR,True,local_fallback,L9,local_fallback,,,,L9
1E62,light,L,10,S,L10,FR,True,local_fallback,L10,local_fallback,,,,L10
1E62,light,L,11,L,L11,FR,True,local_fallback,L11,local_fallback,,,,L11
1E62,light,L,12,A,L12,FR,True,local_fallback,L12,local_fallback,,,,L12
1E62,light,L,13,V,L13,FR,True,local_fallback,L13,local_fallback,,,,L13
1E62,light,L,14,S,L14,FR,True,local_fallback,L14,local_fallback,,,,L14
1E62,light,L,15,L,L15,FR,True,local_fallback,L15,local_fallback,,,,L15
1E62,light,L,16,G,L16,FR,True,local_fallback,L16,local_fallback,,,,L16
1E62,light,L,17,E,L17,FR,True,local_fallback,L17,local_fallback,,,,L17
1E62,light,L,18,R,L18,FR,True,local_fallback,L18,local_fallback,,,,L18
1E62,light,L,19,A,L19,FR,True,local_fallback,L19,local_fallback,,,,L19
1E62,light,L,20,T,L20,FR,True,local_fallback,L20,local_fallback,,,,L20
1E62,light,L,21,I,L21,FR,True,local_fallback,L21,local_fallback,,,,L21
1E62,light,L,22,T,L22,FR,True,local_fallback,L22,local_fallback,,,,L22
1E62,light,L,23,C,L23,FR,True,local_fallback,L23,local_fallback,,,,L23
1E62,light,L,24,K,L24,CDR1,True,local_fallback,L24,local_fallback,,,,L24
1E62,light,L,25,S,L25,CDR1,True,local_fallback,L25,local_fallback,,,,L25
1E62,light,L,26,S,L26,CDR1,True,local_fallback,L26,local_fallback,,,,L26
1E62,light,L,27,Q,L27,CDR1,True,local_fallback,L27,local_fallback,,,,L27
1E62,light,L,28,S,L28,CDR1,True,local_fallback,L28,local_fallback,,,,L28
1E62,light,L,29,L,L29,CDR1,True,local_fallback,L29,local_fallback,,,,L29
1E62,light,L,30,L,L30,CDR1,True,local_fallback,L30,local_fallback,,,,L30
1E62,light,L,31,Y,L31,CDR1,True,local_fallback,L31,local_fallback,,,,L31
1E62,light,L,32,S,L32,CDR1,True,local_fallback,L32,local_fallback,,,,L32
1E62,light,L,33,S,L33,CDR1,True,local_fallback,L33,local_fallback,,,,L33
1E62,light,L,34,D,L34,CDR1,True,local_fallback,L34,local_fallback,,,,L34
1E62,light,L,35,Q,L35,FR,True,local_fallback,L35,local_fallback,,,,L35
1E62,light,L,36,N,L36,FR,True,local_fallback,L36,local_fallback,,,,L36
1E62,light,L,37,N,L37,FR,True,local_fallback,L37,local_fallback,,,,L37
1E62,light,L,38,Y,L38,FR,True,local_fallback,L38,local_fallback,,,,L38
1E62,light,L,39,L,L39,FR,True,local_fallback,L39,local_fallback,,,,L39
1E62,light,L,40,A,L40,FR,True,local_fallback,L40,local_fallback,,,,L40
1E62,light,L,41,W,L41,FR,True,local_fallback,L41,local_fallback,,,,L41
1E62,light,L,42,S,L42,FR,True,local_fallback,L42,local_fallback,,,,L42
1E62,light,L,43,Q,L43,FR,True,local_fallback,L43,local_fallback,,,,L43
1E62,light,L,44,Q,L44,FR,True,local_fallback,L44,local_fallback,,,,L44
1E62,light,L,45,K,L45,FR,True,local_fallback,L45,local_fallback,,,,L45
1E62,light,L,46,P,L46,FR,True,local_fallback,L46,local_fallback,,,,L46
1E62,light,L,47,G,L47,FR,True,local_fallback,L47,local_fallback,,,,L47
1E62,light,L,48,Q,L48,FR,True,local_fallback,L48,local_fallback,,,,L48
1E62,light,L,49,P,L49,FR,True,local_fallback,L49,local_fallback,,,,L49
1E62,light,L,50,P,L50,CDR2,True,local_fallback,L50,local_fallback,,,,L50
1E62,light,L,51,K,L51,CDR2,True,local_fallback,L51,local_fallback,,,,L51
1E62,light,L,52,L,L52,CDR2,True,local_fallback,L52,local_fallback,,,,L52
1E62,light,L,53,L,L53,CDR2,True,local_fallback,L53,local_fallback,,,,L53
1E62,light,L,54,I,L54,CDR2,True,local_fallback,L54,local_fallback,,,,L54
1E62,light,L,55,Y,L55,CDR2,True,local_fallback,L55,local_fallback,,,,L55
1E62,light,L,56,W,L56,CDR2,True,local_fallback,L56,local_fallback,,,,L56
1E62,light,L,57,A,L57,FR,True,local_fallback,L57,local_fallback,,,,L57
1E62,light,L,58,S,L58,FR,True,local_fallback,L58,local_fallback,,,,L58
1E62,light,L,59,I,L59,FR,True,local_fallback,L59,local_fallback,,,,L59
1E62,light,L,60,R,L60,FR,True,local_fallback,L60,local_fallback,,,,L60
1E62,light,L,61,D,L61,FR,True,local_fallback,L61,local_fallback,,,,L61
1E62,light,L,62,S,L62,FR,True,local_fallback,L62,local_fallback,,,,L62
1E62,light,L,63,G,L63,FR,True,local_fallback,L63,local_fallback,,,,L63
1E62,light,L,64,V,L64,FR,True,local_fallback,L64,local_fallback,,,,L64
1E62,light,L,65,P,L65,FR,True,local_fallback,L65,local_fallback,,,,L65
1E62,light,L,66,D,L66,FR,True,local_fallback,L66,local_fallback,,,,L66
1E62,light,L,67,R,L67,FR,True,local_fallback,L67,local_fallback,,,,L67
1E62,light,L,68,F,L68,FR,True,local_fallback,L68,local_fallback,,,,L68
1E62,light,L,69,S,L69,FR,True,local_fallback,L69,local_fallback,,,,L69
1E62,light,L,70,G,L70,FR,True,local_fallback,L70,local_fallback,,,,L70
1E62,light,L,71,S,L71,FR,True,local_fallback,L71,local_fallback,,,,L71
1E62,light,L,72,G,L72,FR,True,local_fallback,L72,local_fallback,,,,L72
1E62,light,L,73,S,L73,FR,True,local_fallback,L73,local_fallback,,,,L73
1E62,light,L,74,G,L74,FR,True,local_fallback,L74,local_fallback,,,,L74
1E62,light,L,75,T,L75,FR,True,local_fallback,L75,local_fallback,,,,L75
1E62,light,L,76,D,L76,FR,True,local_fallback,L76,local_fallback,,,,L76
1E62,light,L,77,F,L77,FR,True,local_fallback,L77,local_fallback,,,,L77
1E62,light,L,78,T,L78,FR,True,local_fallback,L78,local_fallback,,,,L78
1E62,light,L,79,L,L79,FR,True,local_fallback,L79,local_fallback,,,,L79
1E62,light,L,80,T,L80,FR,True,local_fallback,L80,local_fallback,,,,L80
1E62,light,L,81,I,L81,FR,True,local_fallback,L81,local_fallback,,,,L81
1E62,light,L,82,S,L82,FR,True,local_fallback,L82,local_fallback,,,,L82
1E62,light,L,83,S,L83,FR,True,local_fallback,L83,local_fallback,,,,L83
1E62,light,L,84,L,L84,FR,True,local_fallback,L84,local_fallback,,,,L84
1E62,light,L,85,Q,L85,FR,True,local_fallback,L85,local_fallback,,,,L85
1E62,light,L,86,A,L86,FR,True,local_fallback,L86,local_fallback,,,,L86
1E62,light,L,87,E,L87,FR,True,local_fallback,L87,local_fallback,,,,L87
1E62,light,L,88,D,L88,FR,True,local_fallback,L88,local_fallback,,,,L88
1E62,light,L,89,V,L89,CDR3,True,local_fallback,L89,local_fallback,,,,L89
1E62,light,L,90,A,L90,CDR3,True,local_fallback,L90,local_fallback,,,,L90
1E62,light,L,91,V,L91,CDR3,True,local_fallback,L91,local_fallback,,,,L91
1E62,light,L,92,Y,L92,CDR3,True,local_fallback,L92,local_fallback,,,,L92
1E62,light,L,93,Y,L93,CDR3,True,local_fallback,L93,local_fallback,,,,L93
1E62,light,L,94,C,L94,CDR3,True,local_fallback,L94,local_fallback,,,,L94
1E62,light,L,95,H,L95,CDR3,True,local_fallback,L95,local_fallback,,,,L95
1E62,light,L,96,Q,L96,CDR3,True,local_fallback,L96,local_fallback,,,,L96
1E62,light,L,97,Y,L97,CDR3,True,local_fallback,L97,local_fallback,,,,L97
1E62,light,L,98,Y,L98,FR,True,local_fallback,L98,local_fallback,,,,L98
1E62,light,L,99,T,L99,FR,True,local_fallback,L99,local_fallback,,,,L99
1E62,light,L,100,Y,L100,FR,True,local_fallback,L100,local_fallback,,,,L100
1E62,light,L,101,P,L101,FR,True,local_fallback,L101,local_fallback,,,,L101
1E62,light,L,102,F,L102,FR,True,local_fallback,L102,local_fallback,,,,L102
1E62,light,L,103,T,L103,FR,True,local_fallback,L103,local_fallback,,,,L103
1E62,light,L,104,F,L104,FR,True,local_fallback,L104,local_fallback,,,,L104
1E62,light,L,105,G,L105,FR,True,local_fallback,L105,local_fallback,,,,L105
1E62,light,L,106,Q,L106,FR,True,local_fallback,L106,local_fallback,,,,L106
1E62,light,L,107,G,L107,FR,True,local_fallback,L107,local_fallback,,,,L107
1E62,light,L,108,T,L108,FR,True,local_fallback,L108,local_fallback,,,,L108
1E62,light,L,109,K,L109,FR,True,local_fallback,L109,local_fallback,,,,L109
1E62,light,L,110,L,L110,FR,True,local_fallback,L110,local_fallback,,,,L110
1E62,light,L,111,E,L111,FR,True,local_fallback,L111,local_fallback,,,,L111
1E62,light,L,112,I,L112,FR,True,local_fallback,L112,local_fallback,,,,L112
1E62,light,L,113,K,L113,FR,True,local_fallback,L113,local_fallback,,,,L113
sdAb,sdab,A,1,E,A1,FR,True,local_fallback,A1,local_fallback,,,,A1
sdAb,sdab,A,2,V,A2,FR,True,local_fallback,A2,local_fallback,,,,A2
sdAb,sdab,A,3,Q,A3,FR,True,local_fallback,A3,local_fallback,,,,A3
sdAb,sdab,A,4,L,A4,FR,True,local_fallback,A4,local_fallback,,,,A4
sdAb,sdab,A,5,V,A5,FR,True,local_fallback,A5,local_fallback,,,,A5
sdAb,sdab,A,6,E,A6,FR,True,local_fallback,A6,local_fallback,,,,A6
sdAb,sdab,A,7,S,A7,FR,True,local_fallback,A7,local_fallback,,,,A7
sdAb,sdab,A,8,G,A8,FR,True,local_fallback,A8,local_fallback,,,,A8
sdAb,sdab,A,9,G,A9,FR,True,local_fallback,A9,local_fallback,,,,A9
sdAb,sdab,A,10,G,A10,FR,True,local_fallback,A10,local_fallback,,,,A10
sdAb,sdab,A,11,L,A11,FR,True,local_fallback,A11,local_fallback,,,,A11
sdAb,sdab,A,12,V,A12,FR,True,local_fallback,A12,local_fallback,,,,A12
sdAb,sdab,A,13,Q,A13,FR,True,local_fallback,A13,local_fallback,,,,A13
sdAb,sdab,A,14,P,A14,FR,True,local_fallback,A14,local_fallback,,,,A14
sdAb,sdab,A,15,G,A15,FR,True,local_fallback,A15,local_fallback,,,,A15
sdAb,sdab,A,16,G,A16,FR,True,local_fallback,A16,local_fallback,,,,A16
sdAb,sdab,A,17,S,A17,FR,True,local_fallback,A17,local_fallback,,,,A17
sdAb,sdab,A,18,L,A18,FR,True,local_fallback,A18,local_fallback,,,,A18
sdAb,sdab,A,19,R,A19,FR,True,local_fallback,A19,local_fallback,,,,A19
sdAb,sdab,A,20,L,A20,FR,True,local_fallback,A20,local_fallback,,,,A20
sdAb,sdab,A,21,S,A21,FR,True,local_fallback,A21,local_fallback,,,,A21
sdAb,sdab,A,22,C,A22,FR,True,local_fallback,A22,local_fallback,,,,A22
sdAb,sdab,A,23,A,A23,FR,True,local_fallback,A23,local_fallback,,,,A23
sdAb,sdab,A,24,A,A24,FR,True,local_fallback,A24,local_fallback,,,,A24
sdAb,sdab,A,25,S,A25,FR,True,local_fallback,A25,local_fallback,,,,A25
sdAb,sdab,A,26,G,A26,CDR1,True,local_fallback,A26,local_fallback,,,,A26
sdAb,sdab,A,27,R,A27,CDR1,True,local_fallback,A27,local_fallback,,,,A27
sdAb,sdab,A,28,T,A28,CDR1,True,local_fallback,A28,local_fallback,,,,A28
sdAb,sdab,A,29,F,A29,CDR1,True,local_fallback,A29,local_fallback,,,,A29
sdAb,sdab,A,30,S,A30,CDR1,True,local_fallback,A30,local_fallback,,,,A30
sdAb,sdab,A,31,S,A31,CDR1,True,local_fallback,A31,local_fallback,,,,A31
sdAb,sdab,A,32,Y,A32,CDR1,True,local_fallback,A32,local_fallback,,,,A32
sdAb,sdab,A,33,A,A33,CDR1,True,local_fallback,A33,local_fallback,,,,A33
sdAb,sdab,A,34,M,A34,CDR1,True,local_fallback,A34,local_fallback,,,,A34
sdAb,sdab,A,35,S,A35,CDR1,True,local_fallback,A35,local_fallback,,,,A35
sdAb,sdab,A,36,W,A36,FR,True,local_fallback,A36,local_fallback,,,,A36
sdAb,sdab,A,37,F,A37,FR,True,local_fallback,A37,local_fallback,,,,A37
sdAb,sdab,A,38,R,A38,FR,True,local_fallback,A38,local_fallback,,,,A38
sdAb,sdab,A,39,Q,A39,FR,True,local_fallback,A39,local_fallback,,,,A39
sdAb,sdab,A,40,A,A40,FR,True,local_fallback,A40,local_fallback,,,,A40
sdAb,sdab,A,41,P,A41,FR,True,local_fallback,A41,local_fallback,,,,A41
sdAb,sdab,A,42,G,A42,FR,True,local_fallback,A42,local_fallback,,,,A42
sdAb,sdab,A,43,K,A43,FR,True,local_fallback,A43,local_fallback,,,,A43
sdAb,sdab,A,44,G,A44,FR,True,local_fallback,A44,local_fallback,,,,A44
sdAb,sdab,A,45,L,A45,FR,True,local_fallback,A45,local_fallback,,,,A45
sdAb,sdab,A,46,E,A46,FR,True,local_fallback,A46,local_fallback,,,,A46
sdAb,sdab,A,47,F,A47,FR,True,local_fallback,A47,local_fallback,,,,A47
sdAb,sdab,A,48,V,A48,FR,True,local_fallback,A48,local_fallback,,,,A48
sdAb,sdab,A,49,A,A49,FR,True,local_fallback,A49,local_fallback,,,,A49
sdAb,sdab,A,50,G,A50,CDR2,True,local_fallback,A50,local_fallback,,,,A50
sdAb,sdab,A,51,I,A51,CDR2,True,local_fallback,A51,local_fallback,,,,A51
sdAb,sdab,A,52,N,A52,CDR2,True,local_fallback,A52,local_fallback,,,,A52
sdAb,sdab,A,53,G,A53,CDR2,True,local_fallback,A53,local_fallback,,,,A53
sdAb,sdab,A,54,N,A54,CDR2,True,local_fallback,A54,local_fallback,,,,A54
sdAb,sdab,A,55,G,A55,CDR2,True,local_fallback,A55,local_fallback,,,,A55
sdAb,sdab,A,56,G,A56,CDR2,True,local_fallback,A56,local_fallback,,,,A56
sdAb,sdab,A,57,S,A57,CDR2,True,local_fallback,A57,local_fallback,,,,A57
sdAb,sdab,A,58,T,A58,CDR2,True,local_fallback,A58,local_fallback,,,,A58
sdAb,sdab,A,59,Y,A59,CDR2,True,local_fallback,A59,local_fallback,,,,A59
sdAb,sdab,A,60,Y,A60,CDR2,True,local_fallback,A60,local_fallback,,,,A60
sdAb,sdab,A,61,A,A61,CDR2,True,local_fallback,A61,local_fallback,,,,A61
sdAb,sdab,A,62,D,A62,CDR2,True,local_fallback,A62,local_fallback,,,,A62
sdAb,sdab,A,63,S,A63,CDR2,True,local_fallback,A63,local_fallback,,,,A63
sdAb,sdab,A,64,V,A64,CDR2,True,local_fallback,A64,local_fallback,,,,A64
sdAb,sdab,A,65,K,A65,CDR2,True,local_fallback,A65,local_fallback,,,,A65
sdAb,sdab,A,66,G,A66,FR,True,local_fallback,A66,local_fallback,,,,A66
sdAb,sdab,A,67,R,A67,FR,True,local_fallback,A67,local_fallback,,,,A67
sdAb,sdab,A,68,F,A68,FR,True,local_fallback,A68,local_fallback,,,,A68
sdAb,sdab,A,69,T,A69,FR,True,local_fallback,A69,local_fallback,,,,A69
sdAb,sdab,A,70,I,A70,FR,True,local_fallback,A70,local_fallback,,,,A70
sdAb,sdab,A,71,S,A71,FR,True,local_fallback,A71,local_fallback,,,,A71
sdAb,sdab,A,72,R,A72,FR,True,local_fallback,A72,local_fallback,,,,A72
sdAb,sdab,A,73,D,A73,FR,True,local_fallback,A73,local_fallback,,,,A73
sdAb,sdab,A,74,N,A74,FR,True,local_fallback,A74,local_fallback,,,,A74
sdAb,sdab,A,75,S,A75,FR,True,local_fallback,A75,local_fallback,,,,A75
sdAb,sdab,A,76,K,A76,FR,True,local_fallback,A76,local_fallback,,,,A76
sdAb,sdab,A,77,N,A77,FR,True,local_fallback,A77,local_fallback,,,,A77
sdAb,sdab,A,78,T,A78,FR,True,local_fallback,A78,local_fallback,,,,A78
sdAb,sdab,A,79,L,A79,FR,True,local_fallback,A79,local_fallback,,,,A79
sdAb,sdab,A,80,Y,A80,FR,True,local_fallback,A80,local_fallback,,,,A80
sdAb,sdab,A,81,L,A81,FR,True,local_fallback,A81,local_fallback,,,,A81
sdAb,sdab,A,82,Q,A82,FR,True,local_fallback,A82,local_fallback,,,,A82
sdAb,sdab,A,83,M,A83,FR,True,local_fallback,A83,local_fallback,,,,A83
sdAb,sdab,A,84,N,A84,FR,True,local_fallback,A84,local_fallback,,,,A84
sdAb,sdab,A,85,S,A85,FR,True,local_fallback,A85,local_fallback,,,,A85
sdAb,sdab,A,86,L,A86,FR,True,local_fallback,A86,local_fallback,,,,A86
sdAb,sdab,A,87,R,A87,FR,True,local_fallback,A87,local_fallback,,,,A87
sdAb,sdab,A,88,A,A88,FR,True,local_fallback,A88,local_fallback,,,,A88
sdAb,sdab,A,89,E,A89,FR,True,local_fallback,A89,local_fallback,,,,A89
sdAb,sdab,A,90,D,A90,FR,True,local_fallback,A90,local_fallback,,,,A90
sdAb,sdab,A,91,T,A91,FR,True,local_fallback,A91,local_fallback,,,,A91
sdAb,sdab,A,92,A,A92,FR,True,local_fallback,A92,local_fallback,,,,A92
sdAb,sdab,A,93,V,A93,FR,True,local_fallback,A93,local_fallback,,,,A93
sdAb,sdab,A,94,Y,A94,FR,True,local_fallback,A94,local_fallback,,,,A94
sdAb,sdab,A,95,Y,A95,CDR3,True,local_fallback,A95,local_fallback,,,,A95
sdAb,sdab,A,96,C,A96,CDR3,True,local_fallback,A96,local_fallback,,,,A96
sdAb,sdab,A,97,N,A97,CDR3,True,local_fallback,A97,local_fallback,,,,A97
sdAb,sdab,A,98,A,A98,CDR3,True,local_fallback,A98,local_fallback,,,,A98
sdAb,sdab,A,99,D,A99,CDR3,True,local_fallback,A99,local_fallback,,,,A99
sdAb,sdab,A,100,Q,A100,CDR3,True,local_fallback,A100,local_fallback,,,,A100
sdAb,sdab,A,101,R,A101,CDR3,True,local_fallback,A101,local_fallback,,,,A101
sdAb,sdab,A,102,G,A102,CDR3,True,local_fallback,A102,local_fallback,,,,A102
sdAb,sdab,A,103,W,A103,CDR3,True,local_fallback,A103,local_fallback,,,,A103
sdAb,sdab,A,104,A,A104,CDR3,True,local_fallback,A104,local_fallback,,,,A104
sdAb,sdab,A,105,V,A105,CDR3,True,local_fallback,A105,local_fallback,,,,A105
sdAb,sdab,A,106,A,A106,CDR3,True,local_fallback,A106,local_fallback,,,,A106
sdAb,sdab,A,107,V,A107,CDR3,True,local_fallback,A107,local_fallback,,,,A107
sdAb,sdab,A,108,E,A108,CDR3,True,local_fallback,A108,local_fallback,,,,A108
sdAb,sdab,A,109,G,A109,CDR3,True,local_fallback,A109,local_fallback,,,,A109
sdAb,sdab,A,110,D,A110,CDR3,True,local_fallback,A110,local_fallback,,,,A110
sdAb,sdab,A,111,Y,A111,CDR3,True,local_fallback,A111,local_fallback,,,,A111
sdAb,sdab,A,112,W,A112,CDR3,True,local_fallback,A112,local_fallback,,,,A112
sdAb,sdab,A,113,G,A113,CDR3,True,local_fallback,A113,local_fallback,,,,A113
sdAb,sdab,A,114,Q,A114,FR,True,local_fallback,A114,local_fallback,,,,A114
sdAb,sdab,A,115,G,A115,FR,True,local_fallback,A115,local_fallback,,,,A115
sdAb,sdab,A,116,T,A116,FR,True,local_fallback,A116,local_fallback,,,,A116
sdAb,sdab,A,117,L,A117,FR,True,local_fallback,A117,local_fallback,,,,A117
sdAb,sdab,A,118,V,A118,FR,True,local_fallback,A118,local_fallback,,,,A118
sdAb,sdab,A,119,T,A119,FR,True,local_fallback,A119,local_fallback,,,,A119
sdAb,sdab,A,120,V,A120,FR,True,local_fallback,A120,local_fallback,,,,A120
sdAb,sdab,A,121,S,A121,FR,True,local_fallback,A121,local_fallback,,,,A121
sdAb,sdab,A,122,S,A122,FR,True,local_fallback,A122,local_fallback,,,,A122
