target,variant_id,assay_type,endpoint,observation_value,derived_endpoint,normalization_status,direction,chain,mutations,positions,source_file,source_antigen,use_scope
1E62,HK52H,KD,KD_ratio,2.642016016107167,,standardized,lower_is_better,H,HK52H,52,experiments/1E62/R1/1e62_R1_kd.csv,AeS,window_scoring
1E62,HE50H,KD,KD_ratio,1.4531578948400927,,standardized,lower_is_better,H,HE50H,50,experiments/1E62/R1/1e62_R1_kd.csv,AeS,window_scoring
1E62,HV51H,KD,KD_ratio,1.82769726206783,,standardized,lower_is_better,H,HV51H,51,experiments/1E62/R1/1e62_R1_kd.csv,AeS,window_scoring
1E62,HV66H,KD,KD_ratio,0.9639468688872964,,standardized,lower_is_better,H,HV66H,66,experiments/1E62/R1/1e62_R1_kd.csv,AeS,window_scoring
1E62,HA63H,KD,KD_ratio,1.286752827781847,,standardized,lower_is_better,H,HA63H,63,experiments/1E62/R1/1e62_R1_kd.csv,AeS,window_scoring
1E62,HD31H,KD,KD_ratio,1.406896551180785,,standardized,lower_is_better,H,HD31H,31,experiments/1E62/R1/1e62_R1_kd.csv,AeS,window_scoring
1E62,LY100H,KD,KD_ratio,1.0549333335460078,,standardized,lower_is_better,L,LY100H,100,experiments/1E62/R1/1e62_R1_kd.csv,AeS,window_scoring
1E62,LY38H,KD,KD_ratio,1.7287381868058995,,standardized,lower_is_better,L,LY38H,38,experiments/1E62/R1/1e62_R1_kd.csv,AeS,window_scoring
1E62,LS33H,KD,KD_ratio,1.41793732804355,,standardized,lower_is_better,L,LS33H,33,experiments/1E62/R1/1e62_R1_kd.csv,AeS,window_scoring
1E62,HN56H,KD,KD_ratio,1.335333333284371,,standardized,lower_is_better,H,HN56H,56,experiments/1E62/R1/1e62_R1_kd.csv,AeS,window_scoring
1E62,LY97H,KD,KD_ratio,1.6213921893682568,,standardized,lower_is_better,L,LY97H,97,experiments/1E62/R1/1e62_R1_kd.csv,AeS,window_scoring
1E62,LQ96H,KD,KD_ratio,1.0661390614540094,,standardized,lower_is_better,L,LQ96H,96,experiments/1E62/R1/1e62_R1_kd.csv,AeS,window_scoring
1E62,LP101H,KD,KD_ratio,1.43371522192541,,standardized,lower_is_better,L,LP101H,101,experiments/1E62/R1/1e62_R1_kd.csv,AeS,window_scoring
1E62,LL29H,KD,KD_ratio,1.1022653727076457,,standardized,lower_is_better,L,LL29H,29,experiments/1E62/R1/1e62_R1_kd.csv,AeS,window_scoring
1E62,LA57H,KD,KD_ratio,1.0522598875258349,,standardized,lower_is_better,L,LA57H,57,experiments/1E62/R1/1e62_R1_kd.csv,AeS,window_scoring
1E62,HN57H,KD,KD_ratio,1.28431372581757,,standardized,lower_is_better,H,HN57H,57,experiments/1E62/R1/1e62_R1_kd.csv,AeS,window_scoring
1E62,LY31H,KD,KD_ratio,1.7109374995455322,,standardized,lower_is_better,L,LY31H,31,experiments/1E62/R1/1e62_R1_kd.csv,AeS,window_scoring
1E62,LN36H,KD,KD_ratio,0.9255933293895652,,standardized,lower_is_better,L,LN36H,36,experiments/1E62/R1/1e62_R1_kd.csv,AeS,window_scoring
1E62,HK67H,KD,KD_ratio,1.385067113600123,,standardized,lower_is_better,H,HK67H,67,experiments/1E62/R1/1e62_R1_kd.csv,AeS,window_scoring
1E62,LF102H,KD,KD_ratio,1.3094059405422016,,standardized,lower_is_better,L,LF102H,102,experiments/1E62/R1/1e62_R1_kd.csv,AeS,window_scoring
1E62,LS28H,KD,KD_ratio,1.822916665242513,,standardized,lower_is_better,L,LS28H,28,experiments/1E62/R1/1e62_R1_kd.csv,AeS,window_scoring
1E62,LS32H,KD,KD_ratio,0.796480489710613,,standardized,lower_is_better,L,LS32H,32,experiments/1E62/R1/1e62_R1_kd.csv,AeS,window_scoring
1E62,LT99H,KD,KD_ratio,1.1337813077126573,,standardized,lower_is_better,L,LT99H,99,experiments/1E62/R1/1e62_R1_kd.csv,AeS,window_scoring
1E62,HK54H,KD,KD_ratio,1.345093008029799,,standardized,lower_is_better,H,HK54H,54,experiments/1E62/R1/1e62_R1_kd.csv,AeS,window_scoring
1E62,LS58H,KD,KD_ratio,1.6342412448818302,,standardized,lower_is_better,L,LS58H,58,experiments/1E62/R1/1e62_R1_kd.csv,AeS,window_scoring
1E62,LL30H,KD,KD_ratio,1.1534263190875202,,standardized,lower_is_better,L,LL30H,30,experiments/1E62/R1/1e62_R1_kd.csv,AeS,window_scoring
1E62,HG68H,KD,KD_ratio,1.1331908834580386,,standardized,lower_is_better,H,HG68H,68,experiments/1E62/R1/1e62_R1_kd.csv,AeS,window_scoring
1E62,LS62H,KD,KD_ratio,1.3007092204171842,,standardized,lower_is_better,L,LS62H,62,experiments/1E62/R1/1e62_R1_kd.csv,AeS,window_scoring
1E62,HS65H,KD,KD_ratio,1.4692082101828934,,standardized,lower_is_better,H,HS65H,65,experiments/1E62/R1/1e62_R1_kd.csv,AeS,window_scoring
1E62,LQ35H,KD,KD_ratio,1.7117988393425283,,standardized,lower_is_better,L,LQ35H,35,experiments/1E62/R1/1e62_R1_kd.csv,AeS,window_scoring
1E62,LK24H,KD,KD_ratio,1.1889035668677548,,standardized,lower_is_better,L,LK24H,24,experiments/1E62/R1/1e62_R1_kd.csv,AeS,window_scoring
1E62,LL39H,KD,KD_ratio,1.2341519128104452,,standardized,lower_is_better,L,LL39H,39,experiments/1E62/R1/1e62_R1_kd.csv,AeS,window_scoring
1E62,LS26H,KD,KD_ratio,2.8719806745109686,,standardized,lower_is_better,L,LS26H,26,experiments/1E62/R1/1e62_R1_kd.csv,AeS,window_scoring
1E62,HM34H,KD,KD_ratio,1.8246518811451105,,standardized,lower_is_better,H,HM34H,34,experiments/1E62/R1/1e62_R1_kd.csv,AeS,window_scoring
1E62,HY104H,KD,KD_ratio,1.419296115561815,,standardized,lower_is_better,H,HY104H,104,experiments/1E62/R1/1e62_R1_kd.csv,AeS,window_scoring
1E62,LS25H,KD,KD_ratio,0.9259471875595408,,standardized,lower_is_better,L,LS25H,25,experiments/1E62/R1/1e62_R1_kd.csv,AeS,window_scoring
1E62,HY62H,KD,KD_ratio,1.058338617582773,,standardized,lower_is_better,H,HY62H,62,experiments/1E62/R1/1e62_R1_kd.csv,AeS,window_scoring
1E62,LY98H,KD,KD_ratio,1.0353003160022307,,standardized,lower_is_better,L,LY98H,98,experiments/1E62/R1/1e62_R1_kd.csv,AeS,window_scoring
1E62,LW56H,KD,KD_ratio,1.4055013309472155,,standardized,lower_is_better,L,LW56H,56,experiments/1E62/R1/1e62_R1_kd.csv,AeS,window_scoring
1E62,HA59H,KD,KD_ratio,1.3949232590989815,,standardized,lower_is_better,H,HA59H,59,experiments/1E62/R1/1e62_R1_kd.csv,AeS,window_scoring
1E62,LT103H,KD,KD_ratio,0.860606060595629,,standardized,lower_is_better,L,LT103H,103,experiments/1E62/R1/1e62_R1_kd.csv,AeS,window_scoring
1E62,LN37H,KD,KD_ratio,1.9291187746854856,,standardized,lower_is_better,L,LN37H,37,experiments/1E62/R1/1e62_R1_kd.csv,AeS,window_scoring
1E62,LD34H,KD,KD_ratio,1.045061728222175,,standardized,lower_is_better,L,LD34H,34,experiments/1E62/R1/1e62_R1_kd.csv,AeS,window_scoring
1E62,HL53H,KD,KD_ratio,1.3523002421569454,,standardized,lower_is_better,H,HL53H,53,experiments/1E62/R1/1e62_R1_kd.csv,AeS,window_scoring
1E62,HE64H,KD,KD_ratio,1.0031948878007124,,standardized,lower_is_better,H,HE64H,64,experiments/1E62/R1/1e62_R1_kd.csv,AeS,window_scoring
1E62,HY58H,KD,KD_ratio,1.1112322786440718,,standardized,lower_is_better,H,HY58H,58,experiments/1E62/R1/1e62_R1_kd.csv,AeS,window_scoring
1E62,LQ27H,KD,KD_ratio,1.0178461541355353,,standardized,lower_is_better,L,LQ27H,27,experiments/1E62/R1/1e62_R1_kd.csv,AeS,window_scoring
1E62,HT60H,KD,KD_ratio,0.8550664453023908,,standardized,lower_is_better,H,HT60H,60,experiments/1E62/R1/1e62_R1_kd.csv,AeS,window_scoring
1E62,LI59H,KD,KD_ratio,1.276707531019148,,standardized,lower_is_better,L,LI59H,59,experiments/1E62/R1/1e62_R1_kd.csv,AeS,window_scoring
1E62,HS55H,KD,KD_ratio,1.3252762439597454,,standardized,lower_is_better,H,HS55H,55,experiments/1E62/R1/1e62_R1_kd.csv,AeS,window_scoring
1E62,LR60H,KD,KD_ratio,1.146274777481558,,standardized,lower_is_better,L,LR60H,60,experiments/1E62/R1/1e62_R1_kd.csv,AeS,window_scoring
1E62,HW33H,KD,KD_ratio,1.1430969371602326,,standardized,lower_is_better,H,HW33H,33,experiments/1E62/R1/1e62_R1_kd.csv,AeS,window_scoring
1E62,com1,ELISA,Ae_pH6.0,0.014,,raw,higher_is_better,H,HS40A|HK43Q|HL45Y|HE46T|HV48H|HA49H|HE50H|HE64P|HK67A,40|43|45|46|48|49|50|64|67,experiments/1E62/R2/wet_lab/elisa_summary.csv,AeS,window_scoring
1E62,com1,ELISA,Ae_pH7.4,0.0123,,raw,higher_is_better,H,HS40A|HK43Q|HL45Y|HE46T|HV48H|HA49H|HE50H|HE64P|HK67A,40|43|45|46|48|49|50|64|67,experiments/1E62/R2/wet_lab/elisa_summary.csv,AeS,window_scoring
1E62,com1,ELISA,Ae_ratio,-1.0,acid_retention,derived,ratio_acid_over_neutral,H,HS40A|HK43Q|HL45Y|HE46T|HV48H|HA49H|HE50H|HE64P|HK67A,40|43|45|46|48|49|50|64|67,experiments/1E62/R2/wet_lab/elisa_summary.csv,AeS,window_scoring
1E62,com2,ELISA,Ae_pH6.0,0.0057,,raw,higher_is_better,L,LA40H|LW41H|LS42H|LQ43K|LK45A|LP50L,40|41|42|43|45|50,experiments/1E62/R2/wet_lab/elisa_summary.csv,AeS,window_scoring
1E62,com2,ELISA,Ae_pH7.4,0.0043,,raw,higher_is_better,L,LA40H|LW41H|LS42H|LQ43K|LK45A|LP50L,40|41|42|43|45|50,experiments/1E62/R2/wet_lab/elisa_summary.csv,AeS,window_scoring
1E62,com2,ELISA,Ae_ratio,-1.0,acid_retention,derived,ratio_acid_over_neutral,L,LA40H|LW41H|LS42H|LQ43K|LK45A|LP50L,40|41|42|43|45|50,experiments/1E62/R2/wet_lab/elisa_summary.csv,AeS,window_scoring
1E62,com3,ELISA,Ae_pH6.0,0.005,,raw,higher_is_better,L,LA40H|LW41H|LS42H|LQ43I|LK51Q|LL53V,40|41|42|43|51|53,experiments/1E62/R2/wet_lab/elisa_summary.csv,AeS,window_scoring
1E62,com3,ELISA,Ae_pH7.4,0.0063,,raw,higher_is_better,L,LA40H|LW41H|LS42H|LQ43I|LK51Q|LL53V,40|41|42|43|51|53,experiments/1E62/R2/wet_lab/elisa_summary.csv,AeS,window_scoring
1E62,com3,ELISA,Ae_ratio,-1.0,acid_retention,derived,ratio_acid_over_neutral,L,LA40H|LW41H|LS42H|LQ43I|LK51Q|LL53V,40|41|42|43|51|53,experiments/1E62/R2/wet_lab/elisa_summary.csv,AeS,window_scoring
1E62,com4,ELISA,Ae_pH6.0,1.81,,raw,higher_is_better,H,HL18I|HR19T|HA23Q|HN35H|HW36H|HV37H|HQ39Y|HS40N|HG42E|HK43N|HE46Q|HV48I,18|19|23|35|36|37|39|40|42|43|46|48,experiments/1E62/R2/wet_lab/elisa_summary.csv,AeS,window_scoring
1E62,com4,ELISA,Ae_pH7.4,1.6533,,raw,higher_is_better,H,HL18I|HR19T|HA23Q|HN35H|HW36H|HV37H|HQ39Y|HS40N|HG42E|HK43N|HE46Q|HV48I,18|19|23|35|36|37|39|40|42|43|46|48,experiments/1E62/R2/wet_lab/elisa_summary.csv,AeS,window_scoring
1E62,com4,ELISA,Ae_ratio,0.9134,acid_retention,derived,ratio_acid_over_neutral,H,HL18I|HR19T|HA23Q|HN35H|HW36H|HV37H|HQ39Y|HS40N|HG42E|HK43N|HE46Q|HV48I,18|19|23|35|36|37|39|40|42|43|46|48,experiments/1E62/R2/wet_lab/elisa_summary.csv,AeS,window_scoring
1E62,com5,ELISA,Ae_pH6.0,0.0057,,raw,higher_is_better,L,LT22N|LK24Q|LW41H|LS42H|LQ43H|LQ48K|LP49G|LK51E|LS62P,22|24|41|42|43|48|49|51|62,experiments/1E62/R2/wet_lab/elisa_summary.csv,AeS,window_scoring
1E62,com5,ELISA,Ae_pH7.4,0.0087,,raw,higher_is_better,L,LT22N|LK24Q|LW41H|LS42H|LQ43H|LQ48K|LP49G|LK51E|LS62P,22|24|41|42|43|48|49|51|62,experiments/1E62/R2/wet_lab/elisa_summary.csv,AeS,window_scoring
1E62,com5,ELISA,Ae_ratio,-1.0,acid_retention,derived,ratio_acid_over_neutral,L,LT22N|LK24Q|LW41H|LS42H|LQ43H|LQ48K|LP49G|LK51E|LS62P,22|24|41|42|43|48|49|51|62,experiments/1E62/R2/wet_lab/elisa_summary.csv,AeS,window_scoring
1E62,com6,ELISA,Ae_pH6.0,0.0077,,raw,higher_is_better,L,LT22R|LW41H|LS42H|LQ43H|LQ48K|LP49G|LK51E|LS62P,22|41|42|43|48|49|51|62,experiments/1E62/R2/wet_lab/elisa_summary.csv,AeS,window_scoring
1E62,com6,ELISA,Ae_pH7.4,0.02,,raw,higher_is_better,L,LT22R|LW41H|LS42H|LQ43H|LQ48K|LP49G|LK51E|LS62P,22|41|42|43|48|49|51|62,experiments/1E62/R2/wet_lab/elisa_summary.csv,AeS,window_scoring
1E62,com6,ELISA,Ae_ratio,-1.0,acid_retention,derived,ratio_acid_over_neutral,L,LT22R|LW41H|LS42H|LQ43H|LQ48K|LP49G|LK51E|LS62P,22|41|42|43|48|49|51|62,experiments/1E62/R2/wet_lab/elisa_summary.csv,AeS,window_scoring
1E62,com7,ELISA,Ae_pH6.0,0.0047,,raw,higher_is_better,L,LT22N|LW41H|LS42H|LQ43H|LP50L|LK51Q|LS62A,22|41|42|43|50|51|62,experiments/1E62/R2/wet_lab/elisa_summary.csv,AeS,window_scoring
1E62,com7,ELISA,Ae_pH7.4,0.0307,,raw,higher_is_better,L,LT22N|LW41H|LS42H|LQ43H|LP50L|LK51Q|LS62A,22|41|42|43|50|51|62,experiments/1E62/R2/wet_lab/elisa_summary.csv,AeS,window_scoring
1E62,com7,ELISA,Ae_ratio,-1.0,acid_retention,derived,ratio_acid_over_neutral,L,LT22N|LW41H|LS42H|LQ43H|LP50L|LK51Q|LS62A,22|41|42|43|50|51|62,experiments/1E62/R2/wet_lab/elisa_summary.csv,AeS,window_scoring
1E62,com8,ELISA,Ae_pH6.0,3.063,,raw,higher_is_better,L,LS42H|LQ43H|LQ44H|LK45Q|LK51Q|LS62A,42|43|44|45|51|62,experiments/1E62/R2/wet_lab/elisa_summary.csv,AeS,window_scoring
1E62,com8,ELISA,Ae_pH7.4,3.6237,,raw,higher_is_better,L,LS42H|LQ43H|LQ44H|LK45Q|LK51Q|LS62A,42|43|44|45|51|62,experiments/1E62/R2/wet_lab/elisa_summary.csv,AeS,window_scoring
1E62,com8,ELISA,Ae_ratio,1.1831,acid_retention,derived,ratio_acid_over_neutral,L,LS42H|LQ43H|LQ44H|LK45Q|LK51Q|LS62A,42|43|44|45|51|62,experiments/1E62/R2/wet_lab/elisa_summary.csv,AeS,window_scoring
1E62,com9,ELISA,Ae_pH6.0,3.9267,,raw,higher_is_better,L,LK24H|LS42H|LQ43H|LQ44H|LK51Q|LS62R,24|42|43|44|51|62,experiments/1E62/R2/wet_lab/elisa_summary.csv,AeS,window_scoring
1E62,com9,ELISA,Ae_pH7.4,3.942,,raw,higher_is_better,L,LK24H|LS42H|LQ43H|LQ44H|LK51Q|LS62R,24|42|43|44|51|62,experiments/1E62/R2/wet_lab/elisa_summary.csv,AeS,window_scoring
1E62,com9,ELISA,Ae_ratio,1.0039,acid_retention,derived,ratio_acid_over_neutral,L,LK24H|LS42H|LQ43H|LQ44H|LK51Q|LS62R,24|42|43|44|51|62,experiments/1E62/R2/wet_lab/elisa_summary.csv,AeS,window_scoring
1E62,com10,ELISA,Ae_pH6.0,0.0023,,raw,higher_is_better,L,LK24Q|LA40H|LW41H|LS42H|LQ43M|LQ48K|LP50I|LK51E,24|40|41|42|43|48|50|51,experiments/1E62/R2/wet_lab/elisa_summary.csv,AeS,window_scoring
1E62,com10,ELISA,Ae_pH7.4,0.0053,,raw,higher_is_better,L,LK24Q|LA40H|LW41H|LS42H|LQ43M|LQ48K|LP50I|LK51E,24|40|41|42|43|48|50|51,experiments/1E62/R2/wet_lab/elisa_summary.csv,AeS,window_scoring
1E62,com10,ELISA,Ae_ratio,-1.0,acid_retention,derived,ratio_acid_over_neutral,L,LK24Q|LA40H|LW41H|LS42H|LQ43M|LQ48K|LP50I|LK51E,24|40|41|42|43|48|50|51,experiments/1E62/R2/wet_lab/elisa_summary.csv,AeS,window_scoring
1E62,com11,ELISA,Ae_pH6.0,0.0053,,raw,higher_is_better,L,LT22R|LK24R|LW41H|LS42H|LQ43H|LK45Q|LQ48K|LK51Q,22|24|41|42|43|45|48|51,experiments/1E62/R2/wet_lab/elisa_summary.csv,AeS,window_scoring
1E62,com11,ELISA,Ae_pH7.4,0.0047,,raw,higher_is_better,L,LT22R|LK24R|LW41H|LS42H|LQ43H|LK45Q|LQ48K|LK51Q,22|24|41|42|43|45|48|51,experiments/1E62/R2/wet_lab/elisa_summary.csv,AeS,window_scoring
1E62,com11,ELISA,Ae_ratio,-1.0,acid_retention,derived,ratio_acid_over_neutral,L,LT22R|LK24R|LW41H|LS42H|LQ43H|LK45Q|LQ48K|LK51Q,22|24|41|42|43|45|48|51,experiments/1E62/R2/wet_lab/elisa_summary.csv,AeS,window_scoring
1E62,com12,ELISA,Ae_pH6.0,0.076,,raw,higher_is_better,H,HL18V|HR19L|HS21T|HA23Q|HN35H|HW36H|HV37H|HR38K|HG42T|HK43T|HE46Q|HV48I,18|19|21|23|35|36|37|38|42|43|46|48,experiments/1E62/R2/wet_lab/elisa_summary.csv,AeS,window_scoring
1E62,com12,ELISA,Ae_pH7.4,0.1957,,raw,higher_is_better,H,HL18V|HR19L|HS21T|HA23Q|HN35H|HW36H|HV37H|HR38K|HG42T|HK43T|HE46Q|HV48I,18|19|21|23|35|36|37|38|42|43|46|48,experiments/1E62/R2/wet_lab/elisa_summary.csv,AeS,window_scoring
1E62,com12,ELISA,Ae_ratio,-1.0,acid_retention,derived,ratio_acid_over_neutral,H,HL18V|HR19L|HS21T|HA23Q|HN35H|HW36H|HV37H|HR38K|HG42T|HK43T|HE46Q|HV48I,18|19|21|23|35|36|37|38|42|43|46|48,experiments/1E62/R2/wet_lab/elisa_summary.csv,AeS,window_scoring
1E62,com13,ELISA,Ae_pH6.0,0.001,,raw,higher_is_better,L,LT22S|LW41H|LS42H|LQ43H|LQ48K|LP49A|LK51V|LS62P,22|41|42|43|48|49|51|62,experiments/1E62/R2/wet_lab/elisa_summary.csv,AeS,window_scoring
1E62,com13,ELISA,Ae_pH7.4,0.005,,raw,higher_is_better,L,LT22S|LW41H|LS42H|LQ43H|LQ48K|LP49A|LK51V|LS62P,22|41|42|43|48|49|51|62,experiments/1E62/R2/wet_lab/elisa_summary.csv,AeS,window_scoring
1E62,com13,ELISA,Ae_ratio,-1.0,acid_retention,derived,ratio_acid_over_neutral,L,LT22S|LW41H|LS42H|LQ43H|LQ48K|LP49A|LK51V|LS62P,22|41|42|43|48|49|51|62,experiments/1E62/R2/wet_lab/elisa_summary.csv,AeS,window_scoring
1E62,com14,ELISA,Ae_pH6.0,0.0113,,raw,higher_is_better,L,LT22H|LK24R|LW41H|LS42H|LQ43H|LQ48K|LK51E|LS62E,22|24|41|42|43|48|51|62,experiments/1E62/R2/wet_lab/elisa_summary.csv,AeS,window_scoring
1E62,com14,ELISA,Ae_pH7.4,0.1037,,raw,higher_is_better,L,LT22H|LK24R|LW41H|LS42H|LQ43H|LQ48K|LK51E|LS62E,22|24|41|42|43|48|51|62,experiments/1E62/R2/wet_lab/elisa_summary.csv,AeS,window_scoring
1E62,com14,ELISA,Ae_ratio,-1.0,acid_retention,derived,ratio_acid_over_neutral,L,LT22H|LK24R|LW41H|LS42H|LQ43H|LQ48K|LK51E|LS62E,22|24|41|42|43|48|51|62,experiments/1E62/R2/wet_lab/elisa_summary.csv,AeS,window_scoring
1E62,com15,ELISA,Ae_pH6.0,0.007,,raw,higher_is_better,L,LT22N|LW41H|LS42H|LQ43H|LK45A|LQ48K|LP49G|LK51E|LS62P,22|41|42|43|45|48|49|51|62,experiments/1E62/R2/wet_lab/elisa_summary.csv,AeS,window_scoring
1E62,com15,ELISA,Ae_pH7.4,0.0057,,raw,higher_is_better,L,LT22N|LW41H|LS42H|LQ43H|LK45A|LQ48K|LP49G|LK51E|LS62P,22|41|42|43|45|48|49|51|62,experiments/1E62/R2/wet_lab/elisa_summary.csv,AeS,window_scoring
1E62,com15,ELISA,Ae_ratio,-1.0,acid_retention,derived,ratio_acid_over_neutral,L,LT22N|LW41H|LS42H|LQ43H|LK45A|LQ48K|LP49G|LK51E|LS62P,22|41|42|43|45|48|49|51|62,experiments/1E62/R2/wet_lab/elisa_summary.csv,AeS,window_scoring
1E62,com16,ELISA,Ae_pH6.0,1.0,,raw,higher_is_better,H,HL18I|HR19T|HA23Q|HN35H|HW36H|HV37H|HG42E|HK43S|HE46Q|HV48I,18|19|23|35|36|37|42|43|46|48,experiments/1E62/R2/wet_lab/elisa_summary.csv,AeS,window_scoring
1E62,com16,ELISA,Ae_pH7.4,1.95,,raw,higher_is_better,H,HL18I|HR19T|HA23Q|HN35H|HW36H|HV37H|HG42E|HK43S|HE46Q|HV48I,18|19|23|35|36|37|42|43|46|48,experiments/1E62/R2/wet_lab/elisa_summary.csv,AeS,window_scoring
1E62,com16,ELISA,Ae_ratio,-1.0,acid_retention,derived,ratio_acid_over_neutral,H,HL18I|HR19T|HA23Q|HN35H|HW36H|HV37H|HG42E|HK43S|HE46Q|HV48I,18|19|23|35|36|37|42|43|46|48,experiments/1E62/R2/wet_lab/elisa_summary.csv,AeS,window_scoring
1E62,com17,ELISA,Ae_pH6.0,0.976,,raw,higher_is_better,H,HL18I|HR19T|HS21T|HA23K|HN35H|HW36H|HV37H|HS40N|HG42A|HK43N|HL45M|HE46Q|HV48I,18|19|21|23|35|36|37|40|42|43|45|46|48,experiments/1E62/R2/wet_lab/elisa_summary.csv,AeS,window_scoring
1E62,com17,ELISA,Ae_pH7.4,1.174,,raw,higher_is_better,H,HL18I|HR19T|HS21T|HA23K|HN35H|HW36H|HV37H|HS40N|HG42A|HK43N|HL45M|HE46Q|HV48I,18|19|21|23|35|36|37|40|42|43|45|46|48,experiments/1E62/R2/wet_lab/elisa_summary.csv,AeS,window_scoring
1E62,com17,ELISA,Ae_ratio,1.2029,acid_retention,derived,ratio_acid_over_neutral,H,HL18I|HR19T|HS21T|HA23K|HN35H|HW36H|HV37H|HS40N|HG42A|HK43N|HL45M|HE46Q|HV48I,18|19|21|23|35|36|37|40|42|43|45|46|48,experiments/1E62/R2/wet_lab/elisa_summary.csv,AeS,window_scoring
1E62,com18,ELISA,Ae_pH6.0,1.177,,raw,higher_is_better,L,LK24Q|LS42H|LQ43H|LQ44H|LK51Q|LS62P,24|42|43|44|51|62,experiments/1E62/R2/wet_lab/elisa_summary.csv,AeS,window_scoring
1E62,com18,ELISA,Ae_pH7.4,1.38,,raw,higher_is_better,L,LK24Q|LS42H|LQ43H|LQ44H|LK51Q|LS62P,24|42|43|44|51|62,experiments/1E62/R2/wet_lab/elisa_summary.csv,AeS,window_scoring
1E62,com18,ELISA,Ae_ratio,1.1725,acid_retention,derived,ratio_acid_over_neutral,L,LK24Q|LS42H|LQ43H|LQ44H|LK51Q|LS62P,24|42|43|44|51|62,experiments/1E62/R2/wet_lab/elisa_summary.csv,AeS,window_scoring
1E62,com19,ELISA,Ae_pH6.0,0.008,,raw,higher_is_better,L,LT22N|LA40H|LW41H|LS42H|LQ43K|LQ48R|LK51E,22|40|41|42|43|48|51,experiments/1E62/R2/wet_lab/elisa_summary.csv,AeS,window_scoring
1E62,com19,ELISA,Ae_pH7.4,0.007,,raw,higher_is_better,L,LT22N|LA40H|LW41H|LS42H|LQ43K|LQ48R|LK51E,22|40|41|42|43|48|51,experiments/1E62/R2/wet_lab/elisa_summary.csv,AeS,window_scoring
1E62,com19,ELISA,Ae_ratio,-1.0,acid_retention,derived,ratio_acid_over_neutral,L,LT22N|LA40H|LW41H|LS42H|LQ43K|LQ48R|LK51E,22|40|41|42|43|48|51,experiments/1E62/R2/wet_lab/elisa_summary.csv,AeS,window_scoring
1E62,com20,ELISA,Ae_pH6.0,0.8347,,raw,higher_is_better,H,HL18V|HR19T|HS21T|HA23K|HN35H|HW36H|HV37H|HS40N|HG42T|HK43S|HL45M|HE46Q|HV48I,18|19|21|23|35|36|37|40|42|43|45|46|48,experiments/1E62/R2/wet_lab/elisa_summary.csv,AeS,window_scoring
1E62,com20,ELISA,Ae_pH7.4,2.1343,,raw,higher_is_better,H,HL18V|HR19T|HS21T|HA23K|HN35H|HW36H|HV37H|HS40N|HG42T|HK43S|HL45M|HE46Q|HV48I,18|19|21|23|35|36|37|40|42|43|45|46|48,experiments/1E62/R2/wet_lab/elisa_summary.csv,AeS,window_scoring
1E62,com20,ELISA,Ae_ratio,-1.0,acid_retention,derived,ratio_acid_over_neutral,H,HL18V|HR19T|HS21T|HA23K|HN35H|HW36H|HV37H|HS40N|HG42T|HK43S|HL45M|HE46Q|HV48I,18|19|21|23|35|36|37|40|42|43|45|46|48,experiments/1E62/R2/wet_lab/elisa_summary.csv,AeS,window_scoring
1E62,com1,expression,concentration_ug_ul,1.09,,raw,higher_is_better,,,,experiments/1E62/R2/wet_lab/expression.csv,AeS,window_scoring
1E62,com2,expression,concentration_ug_ul,4.395,,raw,higher_is_better,,,,experiments/1E62/R2/wet_lab/expression.csv,AeS,window_scoring
1E62,com3,expression,concentration_ug_ul,3.63,,raw,higher_is_better,,,,experiments/1E62/R2/wet_lab/expression.csv,AeS,window_scoring
1E62,com4,expression,concentration_ug_ul,4.355,,raw,higher_is_better,,,,experiments/1E62/R2/wet_lab/expression.csv,AeS,window_scoring
1E62,com5,expression,concentration_ug_ul,3.55,,raw,higher_is_better,,,,experiments/1E62/R2/wet_lab/expression.csv,AeS,window_scoring
1E62,com6,expression,concentration_ug_ul,6.405,,raw,higher_is_better,,,,experiments/1E62/R2/wet_lab/expression.csv,AeS,window_scoring
1E62,com7,expression,concentration_ug_ul,4.12,,raw,higher_is_better,,,,experiments/1E62/R2/wet_lab/expression.csv,AeS,window_scoring
1E62,com8,expression,concentration_ug_ul,11.6,,raw,higher_is_better,,,,experiments/1E62/R2/wet_lab/expression.csv,AeS,window_scoring
1E62,com9,expression,concentration_ug_ul,12.3,,raw,higher_is_better,,,,experiments/1E62/R2/wet_lab/expression.csv,AeS,window_scoring
1E62,com10,expression,concentration_ug_ul,4.15,,raw,higher_is_better,,,,experiments/1E62/R2/wet_lab/expression.csv,AeS,window_scoring
1E62,com11,expression,concentration_ug_ul,4.535,,raw,higher_is_better,,,,experiments/1E62/R2/wet_lab/expression.csv,AeS,window_scoring
1E62,com12,expression,concentration_ug_ul,1.795,,raw,higher_is_better,,,,experiments/1E62/R2/wet_lab/expression.csv,AeS,window_scoring
1E62,com13,expression,concentration_ug_ul,3.545,,raw,higher_is_better,,,,experiments/1E62/R2/wet_lab/expression.csv,AeS,window_scoring
1E62,com14,expression,concentration_ug_ul,5.51,,raw,higher_is_better,,,,experiments/1E62/R2/wet_lab/expression.csv,AeS,window_scoring
1E62,com15,expression,concentration_ug_ul,3.755,,raw,higher_is_better,,,,experiments/1E62/R2/wet_lab/expression.csv,AeS,window_scoring
1E62,com16,expression,concentration_ug_ul,3.345,,raw,higher_is_better,,,,experiments/1E62/R2/wet_lab/expression.csv,AeS,window_scoring
1E62,com17,expression,concentration_ug_ul,3.31,,raw,higher_is_better,,,,experiments/1E62/R2/wet_lab/expression.csv,AeS,window_scoring
1E62,com18,expression,concentration_ug_ul,11.8,,raw,higher_is_better,,,,experiments/1E62/R2/wet_lab/expression.csv,AeS,window_scoring
1E62,com19,expression,concentration_ug_ul,5.925,,raw,higher_is_better,,,,experiments/1E62/R2/wet_lab/expression.csv,AeS,window_scoring
1E62,com20,expression,concentration_ug_ul,2.615,,raw,higher_is_better,,,,experiments/1E62/R2/wet_lab/expression.csv,AeS,window_scoring
