variant_id,h_mutations,l_mutations,h_chain_seq,l_chain_seq,design_logic,static_ddG,static_recommendation,md_rmsd_pH74,md_rmsd_pH60,md_stability
R3-base,none(WT),LK24Q;LS42H;LQ43H;LQ44H;LK51Q;LS62P,EMQLVESGGGLVQPGGSLRLSCAASGFTFSDYWMNWVRQSPGKGLEWVAEVKLKSNNYATHYAESVKGRFTISRDDSKNSVYLQMNSLKTEDTAVYYCASGFDYWGQGTLVTVSS,DIVMSQSPDSLAVSLGERATITCQSSQSLLYSSDQNNYLAWHHHKPGQPPQLLIYWASIRDPGVPDRFSGSGSGTDFTLTISSLQAEDVAVYYCHQYYTYPFTFGQGTKLEIK,基线对照: com18 L链 + WT H链,0.0,GREEN,1.3,6.4,pH6.0不稳定
R3-T1,HL18I;HR19T;HE46Q;HV48I,LK24Q;LS42H;LQ43H;LQ44H;LK51Q;LS62P,EMQLVESGGGLVQPGGSITLSCAASGFTFSDYWMNWVRQSPGKGLQWIAEVKLKSNNYATHYAESVKGRFTISRDDSKNSVYLQMNSLKTEDTAVYYCASGFDYWGQGTLVTVSS,DIVMSQSPDSLAVSLGERATITCQSSQSLLYSSDQNNYLAWHHHKPGQPPQLLIYWASIRDPGVPDRFSGSGSGTDFTLTISSLQAEDVAVYYCHQYYTYPFTFGQGTKLEIK,Tier 1 基线: 4个高置信共享位点,-0.509274,YELLOW,10.9,9.2,不稳定
R3-T1-42E,HL18I;HR19T;HG42E;HE46Q;HV48I,LK24Q;LS42H;LQ43H;LQ44H;LK51Q;LS62P,EMQLVESGGGLVQPGGSITLSCAASGFTFSDYWMNWVRQSPEKGLQWIAEVKLKSNNYATHYAESVKGRFTISRDDSKNSVYLQMNSLKTEDTAVYYCASGFDYWGQGTLVTVSS,DIVMSQSPDSLAVSLGERATITCQSSQSLLYSSDQNNYLAWHHHKPGQPPQLLIYWASIRDPGVPDRFSGSGSGTDFTLTISSLQAEDVAVYYCHQYYTYPFTFGQGTKLEIK,"隔离com16的H42(负电荷), 检验Ae敏感性驱动",0.1070120000000001,RED,1.9,2.1,稳定
R3-T1-42A,HL18I;HR19T;HG42A;HE46Q;HV48I,LK24Q;LS42H;LQ43H;LQ44H;LK51Q;LS62P,EMQLVESGGGLVQPGGSITLSCAASGFTFSDYWMNWVRQSPAKGLQWIAEVKLKSNNYATHYAESVKGRFTISRDDSKNSVYLQMNSLKTEDTAVYYCASGFDYWGQGTLVTVSS,DIVMSQSPDSLAVSLGERATITCQSSQSLLYSSDQNNYLAWHHHKPGQPPQLLIYWASIRDPGVPDRFSGSGSGTDFTLTISSLQAEDVAVYYCHQYYTYPFTFGQGTKLEIK,"隔离com17的H42(疏水), 检验B敏感性驱动",0.1408740000000001,GREEN,1.7,2.4,稳定
R3-T1-com16diff,HL18I;HR19T;HA23Q;HG42E;HK43S;HE46Q;HV48I,LK24Q;LS42H;LQ43H;LQ44H;LK51Q;LS62P,EMQLVESGGGLVQPGGSITLSCQASGFTFSDYWMNWVRQSPESGLQWIAEVKLKSNNYATHYAESVKGRFTISRDDSKNSVYLQMNSLKTEDTAVYYCASGFDYWGQGTLVTVSS,DIVMSQSPDSLAVSLGERATITCQSSQSLLYSSDQNNYLAWHHHKPGQPPQLLIYWASIRDPGVPDRFSGSGSGTDFTLTISSLQAEDVAVYYCHQYYTYPFTFGQGTKLEIK,com16全套差异位点(H23Q+H42E+H43S),0.062162,YELLOW,3.9,17.6,pH6.0不稳定
R3-T1-com17diff,HL18I;HR19T;HA23K;HG42A;HK43N;HE46Q;HV48I,LK24Q;LS42H;LQ43H;LQ44H;LK51Q;LS62P,EMQLVESGGGLVQPGGSITLSCKASGFTFSDYWMNWVRQSPANGLQWIAEVKLKSNNYATHYAESVKGRFTISRDDSKNSVYLQMNSLKTEDTAVYYCASGFDYWGQGTLVTVSS,DIVMSQSPDSLAVSLGERATITCQSSQSLLYSSDQNNYLAWHHHKPGQPPQLLIYWASIRDPGVPDRFSGSGSGTDFTLTISSLQAEDVAVYYCHQYYTYPFTFGQGTKLEIK,com17全套差异位点(H23K+H42A+H43N),-0.045876,YELLOW,23.3,6.7,不稳定
R3-T1-cross1,HL18I;HR19T;HA23K;HG42E;HE46Q;HV48I,LK24Q;LS42H;LQ43H;LQ44H;LK51Q;LS62P,EMQLVESGGGLVQPGGSITLSCKASGFTFSDYWMNWVRQSPEKGLQWIAEVKLKSNNYATHYAESVKGRFTISRDDSKNSVYLQMNSLKTEDTAVYYCASGFDYWGQGTLVTVSS,DIVMSQSPDSLAVSLGERATITCQSSQSLLYSSDQNNYLAWHHHKPGQPPQLLIYWASIRDPGVPDRFSGSGSGTDFTLTISSLQAEDVAVYYCHQYYTYPFTFGQGTKLEIK,"核心交叉: com16的H42E + com17的H23K, 尝试融合Ae+B",0.0411800000000002,YELLOW,1.6,2.2,稳定
R3-T1-cross2,HL18I;HR19T;HA23K;HG42E;HK43N;HE46Q;HV48I,LK24Q;LS42H;LQ43H;LQ44H;LK51Q;LS62P,EMQLVESGGGLVQPGGSITLSCKASGFTFSDYWMNWVRQSPENGLQWIAEVKLKSNNYATHYAESVKGRFTISRDDSKNSVYLQMNSLKTEDTAVYYCASGFDYWGQGTLVTVSS,DIVMSQSPDSLAVSLGERATITCQSSQSLLYSSDQNNYLAWHHHKPGQPPQLLIYWASIRDPGVPDRFSGSGSGTDFTLTISSLQAEDVAVYYCHQYYTYPFTFGQGTKLEIK,"交叉扩展: cross1 + com17的H43N, 测试H43额外贡献",0.0824220000000002,RED,1.9,2.2,稳定
R3-T1-cross3,HL18I;HR19T;HA23Q;HG42A;HE46Q;HV48I,LK24Q;LS42H;LQ43H;LQ44H;LK51Q;LS62P,EMQLVESGGGLVQPGGSITLSCQASGFTFSDYWMNWVRQSPAKGLQWIAEVKLKSNNYATHYAESVKGRFTISRDDSKNSVYLQMNSLKTEDTAVYYCASGFDYWGQGTLVTVSS,DIVMSQSPDSLAVSLGERATITCQSSQSLLYSSDQNNYLAWHHHKPGQPPQLLIYWASIRDPGVPDRFSGSGSGTDFTLTISSLQAEDVAVYYCHQYYTYPFTFGQGTKLEIK,"镜像交叉: com17的H42A + com16的H23Q, cross1的对照",0.0462680000000002,GREEN,1.3,14.7,pH6.0不稳定
R3-com17clean,HL18I;HR19T;HS21T;HA23K;HS40N;HG42A;HK43N;HL45M;HE46Q;HV48I,LK24Q;LS42H;LQ43H;LQ44H;LK51Q;LS62P,EMQLVESGGGLVQPGGSITLTCKASGFTFSDYWMNWVRQNPANGMQWIAEVKLKSNNYATHYAESVKGRFTISRDDSKNSVYLQMNSLKTEDTAVYYCASGFDYWGQGTLVTVSS,DIVMSQSPDSLAVSLGERATITCQSSQSLLYSSDQNNYLAWHHHKPGQPPQLLIYWASIRDPGVPDRFSGSGSGTDFTLTISSLQAEDVAVYYCHQYYTYPFTFGQGTKLEIK,com17全套非HHH(10位点),-0.295414,RED,8.3,17.3,不稳定
