com,mut_id,mutations,composite_score,dddG_elec,ddG_pH7.4,Ae_auc_ph7,Ae_auc_ph6,Ae_ratio,Ae_od_max_ph7,Ae_binding,B_auc_ph7,B_auc_ph6,B_ratio,B_od_max_ph7,B_binding,D1_auc_ph7,D1_auc_ph6,D1_ratio,D1_od_max_ph7,D1_binding
com1,mut_008448,"SA40A,KA43Q,LA45Y,EA46T,VA48H,AA49H,EA50H,EA64P,KA67A",0.8217,-38.49,0.36,0.0298,0.0375,N/A,0.0123,none,0.0247,0.0262,N/A,0.0083,none,0.0424,0.0455,N/A,0.017,none
com2,mut_055322,"AB40H,WB41H,SB42H,QB43K,KB45A,PB50L",0.8098,-34.63,2.405,0.0304,0.0216,N/A,0.0043,none,0.0164,0.0171,N/A,0.005,none,0.0157,0.0231,N/A,0.0033,none
com3,mut_055067,"AB40H,WB41H,SB42H,QB43I,KB51Q,LB53V",0.7938,-30.68,2.158,0.0333,0.0214,N/A,0.0063,none,0.0211,0.0195,N/A,0.006,none,0.0178,0.0183,N/A,0.0023,none
com4,mut_006626,"LA18I,RA19T,AA23Q,NA35H,WA36H,VA37H,QA39Y,SA40N,GA42E,KA43N,EA46Q,VA48I",0.7846,-35.39,0.031,0.9565,1.0651,1.1135,1.6533,strong,2.9744,2.5722,0.8648,3.819,strong,0.0657,0.0935,1.4238,0.146,weak
com5,mut_057682,"TB22N,KB24Q,WB41H,SB42H,QB43H,QB48K,PB49G,KB51E,SB62P",0.778,-31.7,0.95,0.0481,0.022,N/A,0.0087,none,0.0183,0.0141,N/A,0.005,none,0.0185,0.0136,N/A,0.0063,none
com6,mut_057931,"TB22R,WB41H,SB42H,QB43H,QB48K,PB49G,KB51E,SB62P",0.7777,-30.89,0.782,0.0336,0.0458,N/A,0.02,none,0.0457,0.0461,N/A,0.0477,none,0.0332,0.0509,N/A,0.009,none
com7,mut_056093,"TB22N,WB41H,SB42H,QB43H,PB50L,KB51Q,SB62A",0.7729,-29.89,-0.132,0.0315,0.0158,N/A,0.0307,none,0.0633,0.0249,0.3941,0.083,none,0.0218,0.0287,N/A,0.0057,none
com8,mut_058458,"SB42H,QB43H,QB44H,KB45Q,KB51Q,SB62A",0.7709,-29.63,0.52,7.6467,6.9842,0.9134,4.0247,strong,8.0186,7.7591,0.9676,4.0207,strong,6.0256,5.7862,0.9603,3.7103,strong
com9,mut_059052,"KB24H,SB42H,QB43H,QB44H,KB51Q,SB62R",0.7669,-27.53,-0.733,6.1189,5.8434,0.955,3.9233,strong,6.7679,6.4105,0.9472,3.7453,strong,6.8448,6.7326,0.9836,3.8343,strong
com10,mut_054813,"KB24Q,AB40H,WB41H,SB42H,QB43M,QB48K,PB50I,KB51E",0.7657,-26.14,1.991,0.0234,0.0112,N/A,0.0053,none,0.0181,0.0177,N/A,0.005,none,0.0195,0.017,N/A,0.004,none
com11,mut_057961,"TB22R,KB24R,WB41H,SB42H,QB43H,KB45Q,QB48K,KB51Q",0.7613,-23.94,0.649,0.022,0.0185,N/A,0.0047,none,0.0256,0.0238,N/A,0.01,none,0.0403,0.0121,N/A,0.003,none
com12,mut_007162,"LA18V,RA19L,SA21T,AA23Q,NA35H,WA36H,VA37H,RA38K,GA42T,KA43T,EA46Q,VA48I",0.7599,-30.77,-0.122,0.1059,0.0592,0.5589,0.1957,weak,0.1482,0.0494,0.3333,0.2437,weak,0.0552,0.0593,1.0738,0.0107,none
com13,mut_058232,"TB22S,WB41H,SB42H,QB43H,QB48K,PB49A,KB51V,SB62P",0.757,-27.01,0.496,0.0287,0.0132,N/A,0.005,none,0.0468,0.0072,N/A,0.0083,none,0.0557,0.0655,1.1757,0.004,none
com14,mut_056663,"TB22H,KB24R,WB41H,SB42H,QB43H,QB48K,KB51E,SB62E",0.7567,-26.02,-0.61,0.0728,0.0453,0.6224,0.1037,weak,0.0556,0.0384,0.6918,0.066,none,0.0326,0.0342,N/A,0.0143,none
com15,mut_056888,"TB22N,WB41H,SB42H,QB43H,KB45A,QB48K,PB49G,KB51E,SB62P",0.756,-27.36,0.948,0.0253,0.0309,N/A,0.0057,none,0.0277,0.022,N/A,0.005,none,0.0198,0.0227,N/A,0.01,none
com16,mut_006794,"LA18I,RA19T,AA23Q,NA35H,WA36H,VA37H,GA42E,KA43S,EA46Q,VA48I",0.7559,-26.77,-0.455,3.0381,2.1384,0.7039,3.7877,strong,1.6435,2.1512,1.3089,2.7787,strong,0.0129,0.0379,N/A,0.0087,none
com17,mut_004111,"LA18I,RA19T,SA21T,AA23K,NA35H,WA36H,VA37H,SA40N,GA42A,KA43N,LA45M,EA46Q,VA48I",0.7559,-30.69,0.197,2.381,2.1731,0.9127,3.9133,strong,3.127,2.2056,0.7053,3.784,strong,0.2,0.2414,1.2068,0.4427,weak
com18,mut_058352,"KB24Q,SB42H,QB43H,QB44H,KB51Q,SB62P",0.7545,-25.13,-0.858,8.0526,7.8104,0.9699,4.2663,strong,8.4376,7.3846,0.8752,4.3213,strong,6.5626,6.3773,0.9718,3.938,strong
com19,mut_055364,"TB22N,AB40H,WB41H,SB42H,QB43K,QB48R,KB51E",0.7541,-18.37,0.479,0.0177,0.0269,N/A,0.007,none,0.0269,0.0128,N/A,0.0043,none,0.0192,0.0111,N/A,0.002,none
com20,mut_007065,"LA18V,RA19T,SA21T,AA23K,NA35H,WA36H,VA37H,SA40N,GA42T,KA43S,LA45M,EA46Q,VA48I",0.7528,-32.64,0.221,1.2771,0.5093,0.3988,2.1343,strong,0.7724,0.4972,0.6437,1.4393,strong,0.0678,0.0658,0.9708,0.0597,none
